ItemNo,Clause,Distractor,Grammaticality,Condition,w1,w2,w3,w4,w5,w6,w7,w8,w9,w10,w11,w12,w13,w14,w15,w16,w17
1,restr,plural,gram,e.restr.plural.gram,Mike,chased,the,runners,who,the,driver,sees,during,the,commute,every,morning.,,,,
1,restr,singular,gram,e.restr.singular.gram,Mike,chased,the,runner,who,the,driver,sees,during,the,commute,every,morning.,,,,
1,restr,plural,ungram,e.restr.plural.ungram,Mike,chased,the,runners,who,the,driver,see,during,the,commute,every,morning.,,,,
1,restr,singular,ungram,e.restr.singular.ungram,Mike,chased,the,runner,who,the,driver,see,during,the,commute,every,morning.,,,,
1,appos,plural,gram,e.appos.plural.gram,Mike,chased,the,"runners,",who,the,driver,sees,during,the,commute,every,morning.,,,,
1,appos,singular,gram,e.appos.singular.gram,Mike,chased,the,"runner,",who,the,driver,sees,during,the,commute,every,morning.,,,,
1,appos,plural,ungram,e.appos.plural.ungram,Mike,chased,the,"runners,",who,the,driver,see,during,the,commute,every,morning.,,,,
1,appos,singular,ungram,e.appos.singular.ungram,Mike,chased,the,"runner,",who,the,driver,see,during,the,commute,every,morning.,,,,
2,restr,plural,gram,e.restr.plural.gram,Matt,hated,the,industrialists,who,the,activist,criticizes,harshly,all,the,time.,,,,,
2,restr,singular,gram,e.restr.singular.gram,Matt,hated,the,industrialist,who,the,activist,criticizes,harshly,all,the,time.,,,,,
2,restr,plural,ungram,e.restr.plural.ungram,Matt,hated,the,industrialists,who,the,activist,criticize,harshly,all,the,time.,,,,,
2,restr,singular,ungram,e.restr.singular.ungram,Matt,hated,the,industrialist,who,the,activist,criticize,harshly,all,the,time.,,,,,
2,appos,plural,gram,e.appos.plural.gram,Matt,hated,the,"industrialists,",who,the,activist,criticizes,harshly,all,the,time.,,,,,
2,appos,singular,gram,e.appos.singular.gram,Matt,hated,the,"industrialist,",who,the,activist,criticizes,harshly,all,the,time.,,,,,
2,appos,plural,ungram,e.appos.plural.ungram,Matt,hated,the,"industrialists,",who,the,activist,criticize,harshly,all,the,time.,,,,,
2,appos,singular,ungram,e.appos.singular.ungram,Matt,hated,the,"industrialist,",who,the,activist,criticize,harshly,all,the,time.,,,,,
3,restr,plural,gram,e.restr.plural.gram,Josh,consulted,the,players,who,the,coach,likes,the,best,on,his,team.,,,,
3,restr,singular,gram,e.restr.singular.gram,Josh,consulted,the,player,who,the,coach,likes,the,best,on,his,team.,,,,
3,restr,plural,ungram,e.restr.plural.ungram,Josh,consulted,the,players,who,the,coach,like,the,best,on,his,team.,,,,
3,restr,singular,ungram,e.restr.singular.ungram,Josh,consulted,the,player,who,the,coach,like,the,best,on,his,team.,,,,
3,appos,plural,gram,e.appos.plural.gram,Josh,consulted,the,"players,",who,the,coach,likes,the,best,on,his,team.,,,,
3,appos,singular,gram,e.appos.singular.gram,Josh,consulted,the,"player,",who,the,coach,likes,the,best,on,his,team.,,,,
3,appos,plural,ungram,e.appos.plural.ungram,Josh,consulted,the,"players,",who,the,coach,like,the,best,on,his,team.,,,,
3,appos,singular,ungram,e.appos.singular.ungram,Josh,consulted,the,"player,",who,the,coach,like,the,best,on,his,team.,,,,
4,restr,plural,gram,e.restr.plural.gram,Dan,supported,the,volunteers,who,the,director,relies,on,completely,without,a,second,thought.,,,
4,restr,singular,gram,e.restr.singular.gram,Dan,supported,the,volunteer,who,the,director,relies,on,completely,without,a,second,thought.,,,
4,restr,plural,ungram,e.restr.plural.ungram,Dan,supported,the,volunteers,who,the,director,rely,on,completely,without,a,second,thought.,,,
4,restr,singular,ungram,e.restr.singular.ungram,Dan,supported,the,volunteer,who,the,director,rely,on,completely,without,a,second,thought.,,,
4,appos,plural,gram,e.appos.plural.gram,Dan,supported,the,"volunteers,",who,the,director,relies,on,completely,without,a,second,thought.,,,
4,appos,singular,gram,e.appos.singular.gram,Dan,supported,the,"volunteer,",who,the,director,relies,on,completely,without,a,second,thought.,,,
4,appos,plural,ungram,e.appos.plural.ungram,Dan,supported,the,"volunteers,",who,the,director,rely,on,completely,without,a,second,thought.,,,
4,appos,singular,ungram,e.appos.singular.ungram,Dan,supported,the,"volunteer,",who,the,director,rely,on,completely,without,a,second,thought.,,,
5,restr,plural,gram,e.restr.plural.gram,David,interviewed,the,authors,who,the,librarian,recommends,for,summer,reading,assignments.,,,,,
5,restr,singular,gram,e.restr.singular.gram,David,interviewed,the,author,who,the,librarian,recommends,for,summer,reading,assignments.,,,,,
5,restr,plural,ungram,e.restr.plural.ungram,David,interviewed,the,authors,who,the,librarian,recommend,for,summer,reading,assignments.,,,,,
5,restr,singular,ungram,e.restr.singular.ungram,David,interviewed,the,author,who,the,librarian,recommend,for,summer,reading,assignments.,,,,,
5,appos,plural,gram,e.appos.plural.gram,David,interviewed,the,"authors,",who,the,librarian,recommends,for,summer,reading,assignments.,,,,,
5,appos,singular,gram,e.appos.singular.gram,David,interviewed,the,"author,",who,the,librarian,recommends,for,summer,reading,assignments.,,,,,
5,appos,plural,ungram,e.appos.plural.ungram,David,interviewed,the,"authors,",who,the,librarian,recommend,for,summer,reading,assignments.,,,,,
5,appos,singular,ungram,e.appos.singular.ungram,David,interviewed,the,"author,",who,the,librarian,recommend,for,summer,reading,assignments.,,,,,
6,restr,plural,gram,e.restr.plural.gram,Andrew,interrogated,the,pilots,who,the,smuggler,employs,in,Brazil,for,his,business.,,,,
6,restr,singular,gram,e.restr.singular.gram,Andrew,interrogated,the,pilot,who,the,smuggler,employs,in,Brazil,for,his,business.,,,,
6,restr,plural,ungram,e.restr.plural.ungram,Andrew,interrogated,the,pilots,who,the,smuggler,employ,in,Brazil,for,his,business.,,,,
6,restr,singular,ungram,e.restr.singular.ungram,Andrew,interrogated,the,pilot,who,the,smuggler,employ,in,Brazil,for,his,business.,,,,
6,appos,plural,gram,e.appos.plural.gram,Andrew,interrogated,the,"pilots,",who,the,smuggler,employs,in,Brazil,for,his,business.,,,,
6,appos,singular,gram,e.appos.singular.gram,Andrew,interrogated,the,"pilot,",who,the,smuggler,employs,in,Brazil,for,his,business.,,,,
6,appos,plural,ungram,e.appos.plural.ungram,Andrew,interrogated,the,"pilots,",who,the,smuggler,employ,in,Brazil,for,his,business.,,,,
6,appos,singular,ungram,e.appos.singular.ungram,Andrew,interrogated,the,"pilot,",who,the,smuggler,employ,in,Brazil,for,his,business.,,,,
7,restr,plural,gram,e.restr.plural.gram,James,accompanied,the,colleagues,who,the,researcher,spends,the,most,time,with.,,,,,
7,restr,singular,gram,e.restr.singular.gram,James,accompanied,the,colleague,who,the,researcher,spends,the,most,time,with.,,,,,
7,restr,plural,ungram,e.restr.plural.ungram,James,accompanied,the,colleagues,who,the,researcher,spend,the,most,time,with.,,,,,
7,restr,singular,ungram,e.restr.singular.ungram,James,accompanied,the,colleague,who,the,researcher,spend,the,most,time,with.,,,,,
7,appos,plural,gram,e.appos.plural.gram,James,accompanied,the,"colleagues,",who,the,researcher,spends,the,most,time,with.,,,,,
7,appos,singular,gram,e.appos.singular.gram,James,accompanied,the,"colleague,",who,the,researcher,spends,the,most,time,with.,,,,,
7,appos,plural,ungram,e.appos.plural.ungram,James,accompanied,the,"colleagues,",who,the,researcher,spend,the,most,time,with.,,,,,
7,appos,singular,ungram,e.appos.singular.ungram,James,accompanied,the,"colleague,",who,the,researcher,spend,the,most,time,with.,,,,,
8,restr,plural,gram,e.restr.plural.gram,Justin,examined,the,patients,who,the,doctor,checks,on,daily,in,the,morning.,,,,
8,restr,singular,gram,e.restr.singular.gram,Justin,examined,the,patient,who,the,doctor,checks,on,daily,in,the,morning.,,,,
8,restr,plural,ungram,e.restr.plural.ungram,Justin,examined,the,patients,who,the,doctor,check,on,daily,in,the,morning.,,,,
8,restr,singular,ungram,e.restr.singular.ungram,Justin,examined,the,patient,who,the,doctor,check,on,daily,in,the,morning.,,,,
8,appos,plural,gram,e.appos.plural.gram,Justin,examined,the,"patients,",who,the,doctor,checks,on,daily,in,the,morning.,,,,
8,appos,singular,gram,e.appos.singular.gram,Justin,examined,the,"patient,",who,the,doctor,checks,on,daily,in,the,morning.,,,,
8,appos,plural,ungram,e.appos.plural.ungram,Justin,examined,the,"patients,",who,the,doctor,check,on,daily,in,the,morning.,,,,
8,appos,singular,ungram,e.appos.singular.ungram,Justin,examined,the,"patient,",who,the,doctor,check,on,daily,in,the,morning.,,,,
9,restr,plural,gram,e.restr.plural.gram,Joe,vetted,the,Marines,who,the,officer,wants,to,promote,to ,staff,sergeant.,,,,
9,restr,singular,gram,e.restr.singular.gram,Joe,vetted,the,Marine,who,the,officer,wants,to,promote,to ,staff,sergeant.,,,,
9,restr,plural,ungram,e.restr.plural.ungram,Joe,vetted,the,Marines,who,the,officer,want,to,promote,to ,staff,sergeant.,,,,
9,restr,singular,ungram,e.restr.singular.ungram,Joe,vetted,the,Marine,who,the,officer,want,to,promote,to ,staff,sergeant.,,,,
9,appos,plural,gram,e.appos.plural.gram,Joe,vetted,the,"Marines,",who,the,officer,wants,to,promote,to ,staff,sergeant.,,,,
9,appos,singular,gram,e.appos.singular.gram,Joe,vetted,the,"Marine,",who,the,officer,wants,to,promote,to ,staff,sergeant.,,,,
9,appos,plural,ungram,e.appos.plural.ungram,Joe,vetted,the,"Marines,",who,the,officer,want,to,promote,to ,staff,sergeant.,,,,
9,appos,singular,ungram,e.appos.singular.ungram,Joe,vetted,the,"Marine,",who,the,officer,want,to,promote,to ,staff,sergeant.,,,,
10,restr,plural,gram,e.restr.plural.gram,Ryan,endorsed,the,sculptors,who,the,donor,supports,so,generously,with,annual,donations.,,,,
10,restr,singular,gram,e.restr.singular.gram,Ryan,endorsed,the,sculptor,who,the,donor,supports,so,generously,with,annual,donations.,,,,
10,restr,plural,ungram,e.restr.plural.ungram,Ryan,endorsed,the,sculptors,who,the,donor,support,so,generously,with,annual,donations.,,,,
10,restr,singular,ungram,e.restr.singular.ungram,Ryan,endorsed,the,sculptor,who,the,donor,support,so,generously,with,annual,donations.,,,,
10,appos,plural,gram,e.appos.plural.gram,Ryan,endorsed,the,"sculptors,",who,the,donor,supports,so,generously,with,annual,donations.,,,,
10,appos,singular,gram,e.appos.singular.gram,Ryan,endorsed,the,"sculptor,",who,the,donor,supports,so,generously,with,annual,donations.,,,,
10,appos,plural,ungram,e.appos.plural.ungram,Ryan,endorsed,the,"sculptors,",who,the,donor,support,so,generously,with,annual,donations.,,,,
10,appos,singular,ungram,e.appos.singular.ungram,Ryan,endorsed,the,"sculptor,",who,the,donor,support,so,generously,with,annual,donations.,,,,
11,restr,plural,gram,e.restr.plural.gram,John,met,the,caterers,who,the,hostess,suggests,to,her,friends,at,work.,,,,
11,restr,singular,gram,e.restr.singular.gram,John,met,the,caterer,who,the,hostess,suggests,to,her,friends,at,work.,,,,
11,restr,plural,ungram,e.restr.plural.ungram,John,met,the,caterers,who,the,hostess,suggest,to,her,friends,at,work.,,,,
11,restr,singular,ungram,e.restr.singular.ungram,John,met,the,caterer,who,the,hostess,suggest,to,her,friends,at,work.,,,,
11,appos,plural,gram,e.appos.plural.gram,John,met,the,"caterers,",who,the,hostess,suggests,to,her,friends,at,work.,,,,
11,appos,singular,gram,e.appos.singular.gram,John,met,the,"caterer,",who,the,hostess,suggests,to,her,friends,at,work.,,,,
11,appos,plural,ungram,e.appos.plural.ungram,John,met,the,"caterers,",who,the,hostess,suggest,to,her,friends,at,work.,,,,
11,appos,singular,ungram,e.appos.singular.ungram,John,met,the,"caterer,",who,the,hostess,suggest,to,her,friends,at,work.,,,,
12,restr,plural,gram,e.restr.plural.gram,Rob,escorted,the,senators,who,the,voter,listens,to,patiently,at,local,political,events.,,,
12,restr,singular,gram,e.restr.singular.gram,Rob,escorted,the,senator,who,the,voter,listens,to,patiently,at,local,political,events.,,,
12,restr,plural,ungram,e.restr.plural.ungram,Rob,escorted,the,senators,who,the,voter,listen,to,patiently,at,local,political,events.,,,
12,restr,singular,ungram,e.restr.singular.ungram,Rob,escorted,the,senator,who,the,voter,listen,to,patiently,at,local,political,events.,,,
12,appos,plural,gram,e.appos.plural.gram,Rob,escorted,the,"senators,",who,the,voter,listens,to,patiently,at,local,political,events.,,,
12,appos,singular,gram,e.appos.singular.gram,Rob,escorted,the,"senator,",who,the,voter,listens,to,patiently,at,local,political,events.,,,
12,appos,plural,ungram,e.appos.plural.ungram,Rob,escorted,the,"senators,",who,the,voter,listen,to,patiently,at,local,political,events.,,,
12,appos,singular,ungram,e.appos.singular.ungram,Rob,escorted,the,"senator,",who,the,voter,listen,to,patiently,at,local,political,events.,,,
13,restr,plural,gram,e.restr.plural.gram,Nick,compensated,the,teenagers,who,the,farmer,hires,to,pick,fruit,every,summer.,,,,
13,restr,singular,gram,e.restr.singular.gram,Nick,compensated,the,teenager,who,the,farmer,hires,to,pick,fruit,every,summer.,,,,
13,restr,plural,ungram,e.restr.plural.ungram,Nick,compensated,the,teenagers,who,the,farmer,hire,to,pick,fruit,every,summer.,,,,
13,restr,singular,ungram,e.restr.singular.ungram,Nick,compensated,the,teenager,who,the,farmer,hire,to,pick,fruit,every,summer.,,,,
13,appos,plural,gram,e.appos.plural.gram,Nick,compensated,the,"teenagers,",who,the,farmer,hires,to,pick,fruit,every,summer.,,,,
13,appos,singular,gram,e.appos.singular.gram,Nick,compensated,the,"teenager,",who,the,farmer,hires,to,pick,fruit,every,summer.,,,,
13,appos,plural,ungram,e.appos.plural.ungram,Nick,compensated,the,"teenagers,",who,the,farmer,hire,to,pick,fruit,every,summer.,,,,
13,appos,singular,ungram,e.appos.singular.ungram,Nick,compensated,the,"teenager,",who,the,farmer,hire,to,pick,fruit,every,summer.,,,,
14,restr,plural,gram,e.restr.plural.gram,Will,applauded,the,goalies,who,the,fan,holds,the,greatest,confidence,in.,,,,,
14,restr,singular,gram,e.restr.singular.gram,Will,applauded,the,goalie,who,the,fan,holds,the,greatest,confidence,in.,,,,,
14,restr,plural,ungram,e.restr.plural.ungram,Will,applauded,the,goalies,who,the,fan,hold,the,greatest,confidence,in.,,,,,
14,restr,singular,ungram,e.restr.singular.ungram,Will,applauded,the,goalie,who,the,fan,hold,the,greatest,confidence,in.,,,,,
14,appos,plural,gram,e.appos.plural.gram,Will,applauded,the,"goalies,",who,the,fan,holds,the,greatest,confidence,in.,,,,,
14,appos,singular,gram,e.appos.singular.gram,Will,applauded,the,"goalie,",who,the,fan,holds,the,greatest,confidence,in.,,,,,
14,appos,plural,ungram,e.appos.plural.ungram,Will,applauded,the,"goalies,",who,the,fan,hold,the,greatest,confidence,in.,,,,,
14,appos,singular,ungram,e.appos.singular.ungram,Will,applauded,the,"goalie,",who,the,fan,hold,the,greatest,confidence,in.,,,,,
15,restr,plural,gram,e.restr.plural.gram,Kyle,trained,the,quarterbacks,who,the,recruiter,watches,from,the,bleachers,every,weekend.,,,,
15,restr,singular,gram,e.restr.singular.gram,Kyle,trained,the,quarterback,who,the,recruiter,watches,from,the,bleachers,every,weekend.,,,,
15,restr,plural,ungram,e.restr.plural.ungram,Kyle,trained,the,quarterbacks,who,the,recruiter,watch,from,the,bleachers,every,weekend.,,,,
15,restr,singular,ungram,e.restr.singular.ungram,Kyle,trained,the,quarterback,who,the,recruiter,watch,from,the,bleachers,every,weekend.,,,,
15,appos,plural,gram,e.appos.plural.gram,Kyle,trained,the,"quarterbacks,",who,the,recruiter,watches,from,the,bleachers,every,weekend.,,,,
15,appos,singular,gram,e.appos.singular.gram,Kyle,trained,the,"quarterback,",who,the,recruiter,watches,from,the,bleachers,every,weekend.,,,,
15,appos,plural,ungram,e.appos.plural.ungram,Kyle,trained,the,"quarterbacks,",who,the,recruiter,watch,from,the,bleachers,every,weekend.,,,,
15,appos,singular,ungram,e.appos.singular.ungram,Kyle,trained,the,"quarterback,",who,the,recruiter,watch,from,the,bleachers,every,weekend.,,,,
16,restr,plural,gram,e.restr.plural.gram,Jacob,distrusted,the,publicists,who,the,politician,uses,during,a,crisis,during,elections.,,,,
16,restr,singular,gram,e.restr.singular.gram,Jacob,distrusted,the,publicist,who,the,politician,uses,during,a,crisis,during,elections.,,,,
16,restr,plural,ungram,e.restr.plural.ungram,Jacob,distrusted,the,publicists,who,the,politician,use,during,a,crisis,during,elections.,,,,
16,restr,singular,ungram,e.restr.singular.ungram,Jacob,distrusted,the,publicist,who,the,politician,use,during,a,crisis,during,elections.,,,,
16,appos,plural,gram,e.appos.plural.gram,Jacob,distrusted,the,"publicists,",who,the,politician,uses,during,a,crisis,during,elections.,,,,
16,appos,singular,gram,e.appos.singular.gram,Jacob,distrusted,the,"publicist,",who,the,politician,uses,during,a,crisis,during,elections.,,,,
16,appos,plural,ungram,e.appos.plural.ungram,Jacob,distrusted,the,"publicists,",who,the,politician,use,during,a,crisis,during,elections.,,,,
16,appos,singular,ungram,e.appos.singular.ungram,Jacob,distrusted,the,"publicist,",who,the,politician,use,during,a,crisis,during,elections.,,,,
17,restr,plural,gram,e.restr.plural.gram,Tyler,disliked,the,tenants,who,the,landlord,strongly,disapproves,of,despite,the,on-time,payments.,,,
17,restr,singular,gram,e.restr.singular.gram,Tyler,disliked,the,tenant,who,the,landlord,strongly,disapproves,of,despite,the,on-time,payments.,,,
17,restr,plural,ungram,e.restr.plural.ungram,Tyler,disliked,the,tenants,who,the,landlord,strongly,disapprove,of,despite,the,on-time,payments.,,,
17,restr,singular,ungram,e.restr.singular.ungram,Tyler,disliked,the,tenant,who,the,landlord,strongly,disapprove,of,despite,the,on-time,payments.,,,
17,appos,plural,gram,e.appos.plural.gram,Tyler,disliked,the,"tenants,",who,the,landlord,strongly,disapproves,of,despite,the,on-time,payments.,,,
17,appos,singular,gram,e.appos.singular.gram,Tyler,disliked,the,"tenant,",who,the,landlord,strongly,disapproves,of,despite,the,on-time,payments.,,,
17,appos,plural,ungram,e.appos.plural.ungram,Tyler,disliked,the,"tenants,",who,the,landlord,strongly,disapprove,of,despite,the,on-time,payments.,,,
17,appos,singular,ungram,e.appos.singular.ungram,Tyler,disliked,the,"tenant,",who,the,landlord,strongly,disapprove,of,despite,the,on-time,payments.,,,
18,restr,plural,gram,e.restr.plural.gram,Zach,saw,the,skateboarders,who,the,kid,admires,passionately,on,social,media,posts.,,,,
18,restr,singular,gram,e.restr.singular.gram,Zach,saw,the,skateboarder,who,the,kid,admires,passionately,on,social,media,posts.,,,,
18,restr,plural,ungram,e.restr.plural.ungram,Zach,saw,the,skateboarders,who,the,kid,admire,passionately,on,social,media,posts.,,,,
18,restr,singular,ungram,e.restr.singular.ungram,Zach,saw,the,skateboarder,who,the,kid,admire,passionately,on,social,media,posts.,,,,
18,appos,plural,gram,e.appos.plural.gram,Zach,saw,the,"skateboarders,",who,the,kid,admires,passionately,on,social,media,posts.,,,,
18,appos,singular,gram,e.appos.singular.gram,Zach,saw,the,"skateboarder,",who,the,kid,admires,passionately,on,social,media,posts.,,,,
18,appos,plural,ungram,e.appos.plural.ungram,Zach,saw,the,"skateboarders,",who,the,kid,admire,passionately,on,social,media,posts.,,,,
18,appos,singular,ungram,e.appos.singular.ungram,Zach,saw,the,"skateboarder,",who,the,kid,admire,passionately,on,social,media,posts.,,,,
19,restr,plural,gram,e.restr.plural.gram,Kevin,observed,the,chefs,who,the,gourmet,visits,regularly,every,other,week.,,,,,
19,restr,singular,gram,e.restr.singular.gram,Kevin,observed,the,chef,who,the,gourmet,visits,regularly,every,other,week.,,,,,
19,restr,plural,ungram,e.restr.plural.ungram,Kevin,observed,the,chefs,who,the,gourmet,visit,regularly,every,other,week.,,,,,
19,restr,singular,ungram,e.restr.singular.ungram,Kevin,observed,the,chef,who,the,gourmet,visit,regularly,every,other,week.,,,,,
19,appos,plural,gram,e.appos.plural.gram,Kevin,observed,the,"chefs,",who,the,gourmet,visits,regularly,every,other,week.,,,,,
19,appos,singular,gram,e.appos.singular.gram,Kevin,observed,the,"chef,",who,the,gourmet,visits,regularly,every,other,week.,,,,,
19,appos,plural,ungram,e.appos.plural.ungram,Kevin,observed,the,"chefs,",who,the,gourmet,visit,regularly,every,other,week.,,,,,
19,appos,singular,ungram,e.appos.singular.ungram,Kevin,observed,the,"chef,",who,the,gourmet,visit,regularly,every,other,week.,,,,,
20,restr,plural,gram,e.restr.plural.gram,Eric,assisted,the,firefighters,who,the,ranger,keeps,on,hand,during,the,summer,months.,,,
20,restr,singular,gram,e.restr.singular.gram,Eric,assisted,the,firefighter,who,the,ranger,keeps,on,hand,during,the,summer,months.,,,
20,restr,plural,ungram,e.restr.plural.ungram,Eric,assisted,the,firefighters,who,the,ranger,keep,on,hand,during,the,summer,months.,,,
20,restr,singular,ungram,e.restr.singular.ungram,Eric,assisted,the,firefighter,who,the,ranger,keep,on,hand,during,the,summer,months.,,,
20,appos,plural,gram,e.appos.plural.gram,Eric,assisted,the,"firefighters,",who,the,ranger,keeps,on,hand,during,the,summer,months.,,,
20,appos,singular,gram,e.appos.singular.gram,Eric,assisted,the,"firefighter,",who,the,ranger,keeps,on,hand,during,the,summer,months.,,,
20,appos,plural,ungram,e.appos.plural.ungram,Eric,assisted,the,"firefighters,",who,the,ranger,keep,on,hand,during,the,summer,months.,,,
20,appos,singular,ungram,e.appos.singular.ungram,Eric,assisted,the,"firefighter,",who,the,ranger,keep,on,hand,during,the,summer,months.,,,
21,restr,plural,gram,e.restr.plural.gram,Steve,avoided,the,overseers,who,the,worker,distrusts,the,most,at,the,company.,,,,
21,restr,singular,gram,e.restr.singular.gram,Steve,avoided,the,overseer,who,the,worker,distrusts,the,most,at,the,company.,,,,
21,restr,plural,ungram,e.restr.plural.ungram,Steve,avoided,the,overseers,who,the,worker,distrust,the,most,at,the,company.,,,,
21,restr,singular,ungram,e.restr.singular.ungram,Steve,avoided,the,overseer,who,the,worker,distrust,the,most,at,the,company.,,,,
21,appos,plural,gram,e.appos.plural.gram,Steve,avoided,the,"overseers,",who,the,worker,distrusts,the,most,at,the,company.,,,,
21,appos,singular,gram,e.appos.singular.gram,Steve,avoided,the,"overseer,",who,the,worker,distrusts,the,most,at,the,company.,,,,
21,appos,plural,ungram,e.appos.plural.ungram,Steve,avoided,the,"overseers,",who,the,worker,distrust,the,most,at,the,company.,,,,
21,appos,singular,ungram,e.appos.singular.ungram,Steve,avoided,the,"overseer,",who,the,worker,distrust,the,most,at,the,company.,,,,
22,restr,plural,gram,e.restr.plural.gram,Brian,escorted,the,heiresses,who,the,bachelor,pursues,so,relentlessly,at,every,event.,,,,
22,restr,singular,gram,e.restr.singular.gram,Brian,escorted,the,heiress,who,the,bachelor,pursues,so,relentlessly,at,every,event.,,,,
22,restr,plural,ungram,e.restr.plural.ungram,Brian,escorted,the,heiresses,who,the,bachelor,pursue,so,relentlessly,at,every,event.,,,,
22,restr,singular,ungram,e.restr.singular.ungram,Brian,escorted,the,heiress,who,the,bachelor,pursue,so,relentlessly,at,every,event.,,,,
22,appos,plural,gram,e.appos.plural.gram,Brian,escorted,the,"heiresses,",who,the,bachelor,pursues,so,relentlessly,at,every,event.,,,,
22,appos,singular,gram,e.appos.singular.gram,Brian,escorted,the,"heiress,",who,the,bachelor,pursues,so,relentlessly,at,every,event.,,,,
22,appos,plural,ungram,e.appos.plural.ungram,Brian,escorted,the,"heiresses,",who,the,bachelor,pursue,so,relentlessly,at,every,event.,,,,
22,appos,singular,ungram,e.appos.singular.ungram,Brian,escorted,the,"heiress,",who,the,bachelor,pursue,so,relentlessly,at,every,event.,,,,
23,restr,plural,gram,e.restr.plural.gram,Tim,sponsored,the,actors,who,the,producer,considers,the,safest,bet,in,Hollywood.,,,,
23,restr,singular,gram,e.restr.singular.gram,Tim,sponsored,the,actor,who,the,producer,considers,the,safest,bet,in,Hollywood.,,,,
23,restr,plural,ungram,e.restr.plural.ungram,Tim,sponsored,the,actors,who,the,producer,consider,the,safest,bet,in,Hollywood.,,,,
23,restr,singular,ungram,e.restr.singular.ungram,Tim,sponsored,the,actor,who,the,producer,consider,the,safest,bet,in,Hollywood.,,,,
23,appos,plural,gram,e.appos.plural.gram,Tim,sponsored,the,"actors,",who,the,producer,considers,the,safest,bet,in,Hollywood.,,,,
23,appos,singular,gram,e.appos.singular.gram,Tim,sponsored,the,"actor,",who,the,producer,considers,the,safest,bet,in,Hollywood.,,,,
23,appos,plural,ungram,e.appos.plural.ungram,Tim,sponsored,the,"actors,",who,the,producer,consider,the,safest,bet,in,Hollywood.,,,,
23,appos,singular,ungram,e.appos.singular.ungram,Tim,sponsored,the,"actor,",who,the,producer,consider,the,safest,bet,in,Hollywood.,,,,
24,restr,plural,gram,e.restr.plural.gram,Alex,trusted,the,accountants,who,the,administrator,depends,on,to,balance,the,books.,,,,
24,restr,singular,gram,e.restr.singular.gram,Alex,trusted,the,accountant,who,the,administrator,depends,on,to,balance,the,books.,,,,
24,restr,plural,ungram,e.restr.plural.ungram,Alex,trusted,the,accountants,who,the,administrator,depend,on,to,balance,the,books.,,,,
24,restr,singular,ungram,e.restr.singular.ungram,Alex,trusted,the,accountant,who,the,administrator,depend,on,to,balance,the,books.,,,,
24,appos,plural,gram,e.appos.plural.gram,Alex,trusted,the,"accountants,",who,the,administrator,depends,on,to,balance,the,books.,,,,
24,appos,singular,gram,e.appos.singular.gram,Alex,trusted,the,"accountant,",who,the,administrator,depends,on,to,balance,the,books.,,,,
24,appos,plural,ungram,e.appos.plural.ungram,Alex,trusted,the,"accountants,",who,the,administrator,depend,on,to,balance,the,books.,,,,
24,appos,singular,ungram,e.appos.singular.ungram,Alex,trusted,the,"accountant,",who,the,administrator,depend,on,to,balance,the,books.,,,,
25,restr,plural,gram,e.restr.plural.gram,Sarah,helped,the,orphans,who,the,nun,tutors,in,algebra,after,school.,,,,,
25,restr,singular,gram,e.restr.singular.gram,Sarah,helped,the,orphan,who,the,nun,tutors,in,algebra,after,school.,,,,,
25,restr,plural,ungram,e.restr.plural.ungram,Sarah,helped,the,orphans,who,the,nun,tutor,in,algebra,after,school.,,,,,
25,restr,singular,ungram,e.restr.singular.ungram,Sarah,helped,the,orphan,who,the,nun,tutor,in,algebra,after,school.,,,,,
25,appos,plural,gram,e.appos.plural.gram,Sarah,helped,the,"orphans,",who,the,nun,tutors,in,algebra,after,school.,,,,,
25,appos,singular,gram,e.appos.singular.gram,Sarah,helped,the,"orphan,",who,the,nun,tutors,in,algebra,after,school.,,,,,
25,appos,plural,ungram,e.appos.plural.ungram,Sarah,helped,the,"orphans,",who,the,nun,tutor,in,algebra,after,school.,,,,,
25,appos,singular,ungram,e.appos.singular.ungram,Sarah,helped,the,"orphan,",who,the,nun,tutor,in,algebra,after,school.,,,,,
26,restr,plural,gram,e.restr.plural.gram,Kayla,hired,the,translators,who,the,diplomat,needs,for,communication,at,the,summits.,,,,
26,restr,singular,gram,e.restr.singular.gram,Kayla,hired,the,translator,who,the,diplomat,needs,for,communication,at,the,summits.,,,,
26,restr,plural,ungram,e.restr.plural.ungram,Kayla,hired,the,translators,who,the,diplomat,need,for,communication,at,the,summits.,,,,
26,restr,singular,ungram,e.restr.singular.ungram,Kayla,hired,the,translator,who,the,diplomat,need,for,communication,at,the,summits.,,,,
26,appos,plural,gram,e.appos.plural.gram,Kayla,hired,the,"translators,",who,the,diplomat,needs,for,communication,at,the,summits.,,,,
26,appos,singular,gram,e.appos.singular.gram,Kayla,hired,the,"translator,",who,the,diplomat,needs,for,communication,at,the,summits.,,,,
26,appos,plural,ungram,e.appos.plural.ungram,Kayla,hired,the,"translators,",who,the,diplomat,need,for,communication,at,the,summits.,,,,
26,appos,singular,ungram,e.appos.singular.ungram,Kayla,hired,the,"translator,",who,the,diplomat,need,for,communication,at,the,summits.,,,,
27,restr,plural,gram,e.restr.plural.gram,Amber,rewarded,the,dancers,who,the,host,applauds,so,frequently,at,each,performance.,,,,
27,restr,singular,gram,e.restr.singular.gram,Amber,rewarded,the,dancer,who,the,host,applauds,so,frequently,at,each,performance.,,,,
27,restr,plural,ungram,e.restr.plural.ungram,Amber,rewarded,the,dancers,who,the,host,applaud,so,frequently,at,each,performance.,,,,
27,restr,singular,ungram,e.restr.singular.ungram,Amber,rewarded,the,dancer,who,the,host,applaud,so,frequently,at,each,performance.,,,,
27,appos,plural,gram,e.appos.plural.gram,Amber,rewarded,the,"dancers,",who,the,host,applauds,so,frequently,at,each,performance.,,,,
27,appos,singular,gram,e.appos.singular.gram,Amber,rewarded,the,"dancer,",who,the,host,applauds,so,frequently,at,each,performance.,,,,
27,appos,plural,ungram,e.appos.plural.ungram,Amber,rewarded,the,"dancers,",who,the,host,applaud,so,frequently,at,each,performance.,,,,
27,appos,singular,ungram,e.appos.singular.ungram,Amber,rewarded,the,"dancer,",who,the,host,applaud,so,frequently,at,each,performance.,,,,
28,restr,plural,gram,e.restr.plural.gram,Rachel,admired,the,supervisors,who,the,counselor,reports,to,directly,at,5pm,everyday.,,,,
28,restr,singular,gram,e.restr.singular.gram,Rachel,admired,the,supervisor,who,the,counselor,reports,to,directly,at,5pm,everyday.,,,,
28,restr,plural,ungram,e.restr.plural.ungram,Rachel,admired,the,supervisors,who,the,counselor,report,to,directly,at,5pm,everyday.,,,,
28,restr,singular,ungram,e.restr.singular.ungram,Rachel,admired,the,supervisor,who,the,counselor,report,to,directly,at,5pm,everyday.,,,,
28,appos,plural,gram,e.appos.plural.gram,Rachel,admired,the,"supervisors,",who,the,counselor,reports,to,directly,at,5pm,everyday.,,,,
28,appos,singular,gram,e.appos.singular.gram,Rachel,admired,the,"supervisor,",who,the,counselor,reports,to,directly,at,5pm,everyday.,,,,
28,appos,plural,ungram,e.appos.plural.ungram,Rachel,admired,the,"supervisors,",who,the,counselor,report,to,directly,at,5pm,everyday.,,,,
28,appos,singular,ungram,e.appos.singular.ungram,Rachel,admired,the,"supervisor,",who,the,counselor,report,to,directly,at,5pm,everyday.,,,,
29,restr,plural,gram,e.restr.plural.gram,Kat,liked,the,commentators,who,the,viewer,trusts,the,most,on,national,television.,,,,
29,restr,singular,gram,e.restr.singular.gram,Kat,liked,the,commentator,who,the,viewer,trusts,the,most,on,national,television.,,,,
29,restr,plural,ungram,e.restr.plural.ungram,Kat,liked,the,commentators,who,the,viewer,trust,the,most,on,national,television.,,,,
29,restr,singular,ungram,e.restr.singular.ungram,Kat,liked,the,commentator,who,the,viewer,trust,the,most,on,national,television.,,,,
29,appos,plural,gram,e.appos.plural.gram,Kat,liked,the,"commentators,",who,the,viewer,trusts,the,most,on,national,television.,,,,
29,appos,singular,gram,e.appos.singular.gram,Kat,liked,the,"commentator,",who,the,viewer,trusts,the,most,on,national,television.,,,,
29,appos,plural,ungram,e.appos.plural.ungram,Kat,liked,the,"commentators,",who,the,viewer,trust,the,most,on,national,television.,,,,
29,appos,singular,ungram,e.appos.singular.ungram,Kat,liked,the,"commentator,",who,the,viewer,trust,the,most,on,national,television.,,,,
30,restr,plural,gram,e.restr.plural.gram,Jasmine,welcomed,the,journalists,who,the,editor,appreciates,the,most,at,his,magazine.,,,,
30,restr,singular,gram,e.restr.singular.gram,Jasmine,welcomed,the,journalist,who,the,editor,appreciates,the,most,at,his,magazine.,,,,
30,restr,plural,ungram,e.restr.plural.ungram,Jasmine,welcomed,the,journalists,who,the,editor,appreciate,the,most,at,his,magazine.,,,,
30,restr,singular,ungram,e.restr.singular.ungram,Jasmine,welcomed,the,journalist,who,the,editor,appreciate,the,most,at,his,magazine.,,,,
30,appos,plural,gram,e.appos.plural.gram,Jasmine,welcomed,the,"journalists,",who,the,editor,appreciates,the,most,at,his,magazine.,,,,
30,appos,singular,gram,e.appos.singular.gram,Jasmine,welcomed,the,"journalist,",who,the,editor,appreciates,the,most,at,his,magazine.,,,,
30,appos,plural,ungram,e.appos.plural.ungram,Jasmine,welcomed,the,"journalists,",who,the,editor,appreciate,the,most,at,his,magazine.,,,,
30,appos,singular,ungram,e.appos.singular.ungram,Jasmine,welcomed,the,"journalist,",who,the,editor,appreciate,the,most,at,his,magazine.,,,,
31,restr,plural,gram,e.restr.plural.gram,Laura,hit,the,customers,who,the,waitress,hates,the,most,from,work.,,,,,
31,restr,singular,gram,e.restr.singular.gram,Laura,hit,the,customer,who,the,waitress,hates,the,most,from,work.,,,,,
31,restr,plural,ungram,e.restr.plural.ungram,Laura,hit,the,customers,who,the,waitress,hate,the,most,from,work.,,,,,
31,restr,singular,ungram,e.restr.singular.ungram,Laura,hit,the,customer,who,the,waitress,hate,the,most,from,work.,,,,,
31,appos,plural,gram,e.appos.plural.gram,Laura,hit,the,"customers,",who,the,waitress,hates,the,most,from,work.,,,,,
31,appos,singular,gram,e.appos.singular.gram,Laura,hit,the,"customer,",who,the,waitress,hates,the,most,from,work.,,,,,
31,appos,plural,ungram,e.appos.plural.ungram,Laura,hit,the,"customers,",who,the,waitress,hate,the,most,from,work.,,,,,
31,appos,singular,ungram,e.appos.singular.ungram,Laura,hit,the,"customer,",who,the,waitress,hate,the,most,from,work.,,,,,
32,restr,plural,gram,e.restr.plural.gram,Hannah,liked,the,therapists,who,the,survivor,meets,with,weekly,for,sessions.,,,,,
32,restr,singular,gram,e.restr.singular.gram,Hannah,liked,the,therapist,who,the,survivor,meets,with,weekly,for,sessions.,,,,,
32,restr,plural,ungram,e.restr.plural.ungram,Hannah,liked,the,therapists,who,the,survivor,meet,with,weekly,for,sessions.,,,,,
32,restr,singular,ungram,e.restr.singular.ungram,Hannah,liked,the,therapist,who,the,survivor,meet,with,weekly,for,sessions.,,,,,
32,appos,plural,gram,e.appos.plural.gram,Hannah,liked,the,"therapists,",who,the,survivor,meets,with,weekly,for,sessions.,,,,,
32,appos,singular,gram,e.appos.singular.gram,Hannah,liked,the,"therapist,",who,the,survivor,meets,with,weekly,for,sessions.,,,,,
32,appos,plural,ungram,e.appos.plural.ungram,Hannah,liked,the,"therapists,",who,the,survivor,meet,with,weekly,for,sessions.,,,,,
32,appos,singular,ungram,e.appos.singular.ungram,Hannah,liked,the,"therapist,",who,the,survivor,meet,with,weekly,for,sessions.,,,,,
33,restr,plural,gram,e.restr.plural.gram,Kim,supervised,the,cheerleaders,who,the,choreographer,works,with,on,a,daily,basis.,,,,
33,restr,singular,gram,e.restr.singular.gram,Kim,supervised,the,cheerleader,who,the,choreographer,works,with,on,a,daily,basis.,,,,
33,restr,plural,ungram,e.restr.plural.ungram,Kim,supervised,the,cheerleaders,who,the,choreographer,work,with,on,a,daily,basis.,,,,
33,restr,singular,ungram,e.restr.singular.ungram,Kim,supervised,the,cheerleader,who,the,choreographer,work,with,on,a,daily,basis.,,,,
33,appos,plural,gram,e.appos.plural.gram,Kim,supervised,the,"cheerleaders,",who,the,choreographer,works,with,on,a,daily,basis.,,,,
33,appos,singular,gram,e.appos.singular.gram,Kim,supervised,the,"cheerleader,",who,the,choreographer,works,with,on,a,daily,basis.,,,,
33,appos,plural,ungram,e.appos.plural.ungram,Kim,supervised,the,"cheerleaders,",who,the,choreographer,work,with,on,a,daily,basis.,,,,
33,appos,singular,ungram,e.appos.singular.ungram,Kim,supervised,the,"cheerleader,",who,the,choreographer,work,with,on,a,daily,basis.,,,,
34,restr,plural,gram,e.restr.plural.gram,Mary,picked,the,cowboys,who,the,rancher,knows,the,best,among,his,cattlemen.,,,,
34,restr,singular,gram,e.restr.singular.gram,Mary,picked,the,cowboy,who,the,rancher,knows,the,best,among,his,cattlemen.,,,,
34,restr,plural,ungram,e.restr.plural.ungram,Mary,picked,the,cowboys,who,the,rancher,know,the,best,among,his,cattlemen.,,,,
34,restr,singular,ungram,e.restr.singular.ungram,Mary,picked,the,cowboy,who,the,rancher,know,the,best,among,his,cattlemen.,,,,
34,appos,plural,gram,e.appos.plural.gram,Mary,picked,the,"cowboys,",who,the,rancher,knows,the,best,among,his,cattlemen.,,,,
34,appos,singular,gram,e.appos.singular.gram,Mary,picked,the,"cowboy,",who,the,rancher,knows,the,best,among,his,cattlemen.,,,,
34,appos,plural,ungram,e.appos.plural.ungram,Mary,picked,the,"cowboys,",who,the,rancher,know,the,best,among,his,cattlemen.,,,,
34,appos,singular,ungram,e.appos.singular.ungram,Mary,picked,the,"cowboy,",who,the,rancher,know,the,best,among,his,cattlemen.,,,,
35,restr,plural,gram,e.restr.plural.gram,Erica,shadowed,the,surgeons,who,the,nurse,prefers,most,to,assist,most.,,,,,
35,restr,singular,gram,e.restr.singular.gram,Erica,shadowed,the,surgeon,who,the,nurse,prefers,most,to,assist,most.,,,,,
35,restr,plural,ungram,e.restr.plural.ungram,Erica,shadowed,the,surgeons,who,the,nurse,prefer,most,to,assist,most.,,,,,
35,restr,singular,ungram,e.restr.singular.ungram,Erica,shadowed,the,surgeon,who,the,nurse,prefer,most,to,assist,most.,,,,,
35,appos,plural,gram,e.appos.plural.gram,Erica,shadowed,the,"surgeons,",who,the,nurse,prefers,most,to,assist,most.,,,,,
35,appos,singular,gram,e.appos.singular.gram,Erica,shadowed,the,"surgeon,",who,the,nurse,prefers,most,to,assist,most.,,,,,
35,appos,plural,ungram,e.appos.plural.ungram,Erica,shadowed,the,"surgeons,",who,the,nurse,prefer,most,to,assist,most.,,,,,
35,appos,singular,ungram,e.appos.singular.ungram,Erica,shadowed,the,"surgeon,",who,the,nurse,prefer,most,to,assist,most.,,,,,
36,restr,plural,gram,e.restr.plural.gram,Amy,humiliated,the,bartenders,who,the,patron,gossips,with,after,work,over,martinis.,,,,
36,restr,singular,gram,e.restr.singular.gram,Amy,humiliated,the,bartender,who,the,patron,gossips,with,after,work,over,martinis.,,,,
36,restr,plural,ungram,e.restr.plural.ungram,Amy,humiliated,the,bartenders,who,the,patron,gossip,with,after,work,over,martinis.,,,,
36,restr,singular,ungram,e.restr.singular.ungram,Amy,humiliated,the,bartender,who,the,patron,gossip,with,after,work,over,martinis.,,,,
36,appos,plural,gram,e.appos.plural.gram,Amy,humiliated,the,"bartenders,",who,the,patron,gossips,with,after,work,over,martinis.,,,,
36,appos,singular,gram,e.appos.singular.gram,Amy,humiliated,the,"bartender,",who,the,patron,gossips,with,after,work,over,martinis.,,,,
36,appos,plural,ungram,e.appos.plural.ungram,Amy,humiliated,the,"bartenders,",who,the,patron,gossip,with,after,work,over,martinis.,,,,
36,appos,singular,ungram,e.appos.singular.ungram,Amy,humiliated,the,"bartender,",who,the,patron,gossip,with,after,work,over,martinis.,,,,
37,restr,plural,gram,e.restr.plural.gram,Kelly,fired,the,columnists,who,the,reader,complains,about,in,the,weekly,feedbacks.,,,,
37,restr,singular,gram,e.restr.singular.gram,Kelly,fired,the,columnist,who,the,reader,complains,about,in,the,weekly,feedbacks.,,,,
37,restr,plural,ungram,e.restr.plural.ungram,Kelly,fired,the,columnists,who,the,reader,complain,about,in,the,weekly,feedbacks.,,,,
37,restr,singular,ungram,e.restr.singular.ungram,Kelly,fired,the,columnist,who,the,reader,complain,about,in,the,weekly,feedbacks.,,,,
37,appos,plural,gram,e.appos.plural.gram,Kelly,fired,the,"columnists,",who,the,reader,complains,about,in,the,weekly,feedbacks.,,,,
37,appos,singular,gram,e.appos.singular.gram,Kelly,fired,the,"columnist,",who,the,reader,complains,about,in,the,weekly,feedbacks.,,,,
37,appos,plural,ungram,e.appos.plural.ungram,Kelly,fired,the,"columnists,",who,the,reader,complain,about,in,the,weekly,feedbacks.,,,,
37,appos,singular,ungram,e.appos.singular.ungram,Kelly,fired,the,"columnist,",who,the,reader,complain,about,in,the,weekly,feedbacks.,,,,
38,restr,plural,gram,e.restr.plural.gram,Kristen,greeted,the,anthropologists,who,the,villager,respects,the,most,among,researchers.,,,,,
38,restr,singular,gram,e.restr.singular.gram,Kristen,greeted,the,anthropologist,who,the,villager,respects,the,most,among,researchers.,,,,,
38,restr,plural,ungram,e.restr.plural.ungram,Kristen,greeted,the,anthropologists,who,the,villager,respect,the,most,among,researchers.,,,,,
38,restr,singular,ungram,e.restr.singular.ungram,Kristen,greeted,the,anthropologist,who,the,villager,respect,the,most,among,researchers.,,,,,
38,appos,plural,gram,e.appos.plural.gram,Kristen,greeted,the,"anthropologists,",who,the,villager,respects,the,most,among,researchers.,,,,,
38,appos,singular,gram,e.appos.singular.gram,Kristen,greeted,the,"anthropologist,",who,the,villager,respects,the,most,among,researchers.,,,,,
38,appos,plural,ungram,e.appos.plural.ungram,Kristen,greeted,the,"anthropologists,",who,the,villager,respect,the,most,among,researchers.,,,,,
38,appos,singular,ungram,e.appos.singular.ungram,Kristen,greeted,the,"anthropologist,",who,the,villager,respect,the,most,among,researchers.,,,,,
39,restr,plural,gram,e.restr.plural.gram,Anna,trusted,the,bricklayers,who,the,contractor,assigns,to,important,projects,every,year.,,,,
39,restr,singular,gram,e.restr.singular.gram,Anna,trusted,the,bricklayer,who,the,contractor,assigns,to,important,projects,every,year.,,,,
39,restr,plural,ungram,e.restr.plural.ungram,Anna,trusted,the,bricklayers,who,the,contractor,assign,to,important,projects,every,year.,,,,
39,restr,singular,ungram,e.restr.singular.ungram,Anna,trusted,the,bricklayer,who,the,contractor,assign,to,important,projects,every,year.,,,,
39,appos,plural,gram,e.appos.plural.gram,Anna,trusted,the,"bricklayers,",who,the,contractor,assigns,to,important,projects,every,year.,,,,
39,appos,singular,gram,e.appos.singular.gram,Anna,trusted,the,"bricklayer,",who,the,contractor,assigns,to,important,projects,every,year.,,,,
39,appos,plural,ungram,e.appos.plural.ungram,Anna,trusted,the,"bricklayers,",who,the,contractor,assign,to,important,projects,every,year.,,,,
39,appos,singular,ungram,e.appos.singular.ungram,Anna,trusted,the,"bricklayer,",who,the,contractor,assign,to,important,projects,every,year.,,,,
40,restr,plural,gram,e.restr.plural.gram,Maria,greeted,the,comedians,who,the,prisoner,finds,so,entertaining,to,watch.,,,,,
40,restr,singular,gram,e.restr.singular.gram,Maria,greeted,the,comedian,who,the,prisoner,finds,so,entertaining,to,watch.,,,,,
40,restr,plural,ungram,e.restr.plural.ungram,Maria,greeted,the,comedians,who,the,prisoner,find,so,entertaining,to,watch.,,,,,
40,restr,singular,ungram,e.restr.singular.ungram,Maria,greeted,the,comedian,who,the,prisoner,find,so,entertaining,to,watch.,,,,,
40,appos,plural,gram,e.appos.plural.gram,Maria,greeted,the,"comedians,",who,the,prisoner,finds,so,entertaining,to,watch.,,,,,
40,appos,singular,gram,e.appos.singular.gram,Maria,greeted,the,"comedian,",who,the,prisoner,finds,so,entertaining,to,watch.,,,,,
40,appos,plural,ungram,e.appos.plural.ungram,Maria,greeted,the,"comedians,",who,the,prisoner,find,so,entertaining,to,watch.,,,,,
40,appos,singular,ungram,e.appos.singular.ungram,Maria,greeted,the,"comedian,",who,the,prisoner,find,so,entertaining,to,watch.,,,,,
41,restr,plural,gram,e.restr.plural.gram,Julie,saw,the,judges,who,the,criminal,fears,the,most,at,trials.,,,,,
41,restr,singular,gram,e.restr.singular.gram,Julie,saw,the,judge,who,the,criminal,fears,the,most,at,trials.,,,,,
41,restr,plural,ungram,e.restr.plural.ungram,Julie,saw,the,judges,who,the,criminal,fear,the,most,at,trials.,,,,,
41,restr,singular,ungram,e.restr.singular.ungram,Julie,saw,the,judge,who,the,criminal,fear,the,most,at,trials.,,,,,
41,appos,plural,gram,e.appos.plural.gram,Julie,saw,the,"judges,",who,the,criminal,fears,the,most,at,trials.,,,,,
41,appos,singular,gram,e.appos.singular.gram,Julie,saw,the,"judge,",who,the,criminal,fears,the,most,at,trials.,,,,,
41,appos,plural,ungram,e.appos.plural.ungram,Julie,saw,the,"judges,",who,the,criminal,fear,the,most,at,trials.,,,,,
41,appos,singular,ungram,e.appos.singular.ungram,Julie,saw,the,"judge,",who,the,criminal,fear,the,most,at,trials.,,,,,
42,restr,plural,gram,e.restr.plural.gram,Nicole,hugged,the,students,who,the,bully,teases,during,lunch,at,school.,,,,,
42,restr,singular,gram,e.restr.singular.gram,Nicole,hugged,the,student,who,the,bully,teases,during,lunch,at,school.,,,,,
42,restr,plural,ungram,e.restr.plural.ungram,Nicole,hugged,the,students,who,the,bully,tease,during,lunch,at,school.,,,,,
42,restr,singular,ungram,e.restr.singular.ungram,Nicole,hugged,the,student,who,the,bully,tease,during,lunch,at,school.,,,,,
42,appos,plural,gram,e.appos.plural.gram,Nicole,hugged,the,"students,",who,the,bully,teases,during,lunch,at,school.,,,,,
42,appos,singular,gram,e.appos.singular.gram,Nicole,hugged,the,"student,",who,the,bully,teases,during,lunch,at,school.,,,,,
42,appos,plural,ungram,e.appos.plural.ungram,Nicole,hugged,the,"students,",who,the,bully,tease,during,lunch,at,school.,,,,,
42,appos,singular,ungram,e.appos.singular.ungram,Nicole,hugged,the,"student,",who,the,bully,tease,during,lunch,at,school.,,,,,
43,restr,plural,gram,e.restr.plural.gram,Angela,followed,the,philosophers,who,the,scientist,discusses,during,the,radio,program.,,,,,
43,restr,singular,gram,e.restr.singular.gram,Angela,followed,the,philosopher,who,the,scientist,discusses,during,the,radio,program.,,,,,
43,restr,plural,ungram,e.restr.plural.ungram,Angela,followed,the,philosophers,who,the,scientist,discuss,during,the,radio,program.,,,,,
43,restr,singular,ungram,e.restr.singular.ungram,Angela,followed,the,philosopher,who,the,scientist,discuss,during,the,radio,program.,,,,,
43,appos,plural,gram,e.appos.plural.gram,Angela,followed,the,"philosophers,",who,the,scientist,discusses,during,the,radio,program.,,,,,
43,appos,singular,gram,e.appos.singular.gram,Angela,followed,the,"philosopher,",who,the,scientist,discusses,during,the,radio,program.,,,,,
43,appos,plural,ungram,e.appos.plural.ungram,Angela,followed,the,"philosophers,",who,the,scientist,discuss,during,the,radio,program.,,,,,
43,appos,singular,ungram,e.appos.singular.ungram,Angela,followed,the,"philosopher,",who,the,scientist,discuss,during,the,radio,program.,,,,,
44,restr,plural,gram,e.restr.plural.gram,Lisa,revered,the,lawyers,who,the,candidate,consults,every,morning,before,the,meeting.,,,,
44,restr,singular,gram,e.restr.singular.gram,Lisa,revered,the,lawyer,who,the,candidate,consults,every,morning,before,the,meeting.,,,,
44,restr,plural,ungram,e.restr.plural.ungram,Lisa,revered,the,lawyers,who,the,candidate,consult,every,morning,before,the,meeting.,,,,
44,restr,singular,ungram,e.restr.singular.ungram,Lisa,revered,the,lawyer,who,the,candidate,consult,every,morning,before,the,meeting.,,,,
44,appos,plural,gram,e.appos.plural.gram,Lisa,revered,the,"lawyers,",who,the,candidate,consults,every,morning,before,the,meeting.,,,,
44,appos,singular,gram,e.appos.singular.gram,Lisa,revered,the,"lawyer,",who,the,candidate,consults,every,morning,before,the,meeting.,,,,
44,appos,plural,ungram,e.appos.plural.ungram,Lisa,revered,the,"lawyers,",who,the,candidate,consult,every,morning,before,the,meeting.,,,,
44,appos,singular,ungram,e.appos.singular.ungram,Lisa,revered,the,"lawyer,",who,the,candidate,consult,every,morning,before,the,meeting.,,,,
45,restr,plural,gram,e.restr.plural.gram,Alicia,met,the,musicians,who,the,reviewer,praises,so,highly,all,the,time.,,,,
45,restr,singular,gram,e.restr.singular.gram,Alicia,met,the,musician,who,the,reviewer,praises,so,highly,all,the,time.,,,,
45,restr,plural,ungram,e.restr.plural.ungram,Alicia,met,the,musicians,who,the,reviewer,praise,so,highly,all,the,time.,,,,
45,restr,singular,ungram,e.restr.singular.ungram,Alicia,met,the,musician,who,the,reviewer,praise,so,highly,all,the,time.,,,,
45,appos,plural,gram,e.appos.plural.gram,Alicia,met,the,"musicians,",who,the,reviewer,praises,so,highly,all,the,time.,,,,
45,appos,singular,gram,e.appos.singular.gram,Alicia,met,the,"musician,",who,the,reviewer,praises,so,highly,all,the,time.,,,,
45,appos,plural,ungram,e.appos.plural.ungram,Alicia,met,the,"musicians,",who,the,reviewer,praise,so,highly,all,the,time.,,,,
45,appos,singular,ungram,e.appos.singular.ungram,Alicia,met,the,"musician,",who,the,reviewer,praise,so,highly,all,the,time.,,,,
46,restr,plural,gram,e.restr.plural.gram,Jamie,praised,the,receptionists,who,the,boss,gives,the,biggest,projects,every,quarter.,,,,
46,restr,singular,gram,e.restr.singular.gram,Jamie,praised,the,receptionist,who,the,boss,gives,the,biggest,projects,every,quarter.,,,,
46,restr,plural,ungram,e.restr.plural.ungram,Jamie,praised,the,receptionists,who,the,boss,give,the,biggest,projects,every,quarter.,,,,
46,restr,singular,ungram,e.restr.singular.ungram,Jamie,praised,the,receptionist,who,the,boss,give,the,biggest,projects,every,quarter.,,,,
46,appos,plural,gram,e.appos.plural.gram,Jamie,praised,the,"receptionists,",who,the,boss,gives,the,biggest,projects,every,quarter.,,,,
46,appos,singular,gram,e.appos.singular.gram,Jamie,praised,the,"receptionist,",who,the,boss,gives,the,biggest,projects,every,quarter.,,,,
46,appos,plural,ungram,e.appos.plural.ungram,Jamie,praised,the,"receptionists,",who,the,boss,give,the,biggest,projects,every,quarter.,,,,
46,appos,singular,ungram,e.appos.singular.ungram,Jamie,praised,the,"receptionist,",who,the,boss,give,the,biggest,projects,every,quarter.,,,,
47,restr,plural,gram,e.restr.plural.gram,Erin,casted,the,actresses,who,the,designer,creates,award,show,dresses,for.,,,,,
47,restr,singular,gram,e.restr.singular.gram,Erin,casted,the,actress,who,the,designer,creates,award,show,dresses,for.,,,,,
47,restr,plural,ungram,e.restr.plural.ungram,Erin,casted,the,actresses,who,the,designer,create,award,show,dresses,for.,,,,,
47,restr,singular,ungram,e.restr.singular.ungram,Erin,casted,the,actress,who,the,designer,create,award,show,dresses,for.,,,,,
47,appos,plural,gram,e.appos.plural.gram,Erin,casted,the,"actresses,",who,the,designer,creates,award,show,dresses,for.,,,,,
47,appos,singular,gram,e.appos.singular.gram,Erin,casted,the,"actress,",who,the,designer,creates,award,show,dresses,for.,,,,,
47,appos,plural,ungram,e.appos.plural.ungram,Erin,casted,the,"actresses,",who,the,designer,create,award,show,dresses,for.,,,,,
47,appos,singular,ungram,e.appos.singular.ungram,Erin,casted,the,"actress,",who,the,designer,create,award,show,dresses,for.,,,,,
48,restr,plural,gram,e.restr.plural.gram,Megan,recruited,the,programmers,who,the,manager,oversees,at,the,software,firm.,,,,,
48,restr,singular,gram,e.restr.singular.gram,Megan,recruited,the,programmer,who,the,manager,oversees,at,the,software,firm.,,,,,
48,restr,plural,ungram,e.restr.plural.ungram,Megan,recruited,the,programmers,who,the,manager,oversee,at,the,software,firm.,,,,,
48,restr,singular,ungram,e.restr.singular.ungram,Megan,recruited,the,programmer,who,the,manager,oversee,at,the,software,firm.,,,,,
48,appos,plural,gram,e.appos.plural.gram,Megan,recruited,the,"programmers,",who,the,manager,oversees,at,the,software,firm.,,,,,
48,appos,singular,gram,e.appos.singular.gram,Megan,recruited,the,"programmer,",who,the,manager,oversees,at,the,software,firm.,,,,,
48,appos,plural,ungram,e.appos.plural.ungram,Megan,recruited,the,"programmers,",who,the,manager,oversee,at,the,software,firm.,,,,,
48,appos,singular,ungram,e.appos.singular.ungram,Megan,recruited,the,"programmer,",who,the,manager,oversee,at,the,software,firm.,,,,,