exp	model	Grammaticality	Clause	count	mean_ci_lower	mean	mean_ci_upper	ContainsZero	direction	Training Type	Model Size
exp1	DialoGPT-large	gram	appos	48	0.0676	0.1107	0.1543	no	positive	Dialogue	762M
exp1	DialoGPT-large	gram	restr	48	0.1298	0.1918	0.2536	no	positive	Dialogue	762M
exp1	DialoGPT-large	ungram	appos	48	-0.6682	-0.5795	-0.4925	no	negative	Dialogue	762M
exp1	DialoGPT-large	ungram	restr	48	-1.0517	-0.9159	-0.7885	no	negative	Dialogue	762M
exp1	DialoGPT-medium	gram	appos	48	0.0134	0.0576	0.1006	no	positive	Dialogue	345M
exp1	DialoGPT-medium	gram	restr	48	0.0958	0.1478	0.198	no	positive	Dialogue	345M
exp1	DialoGPT-medium	ungram	appos	48	-0.7621	-0.6466	-0.5288	no	negative	Dialogue	345M
exp1	DialoGPT-medium	ungram	restr	48	-1.1413	-0.9884	-0.8175	no	negative	Dialogue	345M
exp1	DialoGPT-small	gram	appos	48	-0.3364	-0.1744	-0.0011	no	negative	Dialogue	117M
exp1	DialoGPT-small	gram	restr	48	-0.1435	-0.0324	0.0872	yes	negative	Dialogue	117M
exp1	DialoGPT-small	ungram	appos	48	-2.0528	-1.6357	-1.2742	no	negative	Dialogue	117M
exp1	DialoGPT-small	ungram	restr	48	-2.7978	-2.397	-2.0497	no	negative	Dialogue	117M
exp1	GODEL-base	gram	appos	48	-0.0247	-0.0038	0.0166	yes	negative	Dialogue	220M
exp1	GODEL-base	gram	restr	48	-0.0173	0.0183	0.0537	yes	positive	Dialogue	220M
exp1	GODEL-base	ungram	appos	48	-0.3815	-0.3233	-0.2726	no	negative	Dialogue	220M
exp1	GODEL-base	ungram	restr	48	-0.7114	-0.617	-0.5144	no	negative	Dialogue	220M
exp1	GODEL-large	gram	appos	48	-0.0247	-0.0038	0.0176	yes	negative	Dialogue	770M
exp1	GODEL-large	gram	restr	48	-0.0199	0.0183	0.0568	yes	positive	Dialogue	770M
exp1	GODEL-large	ungram	appos	48	-0.382	-0.3233	-0.2734	no	negative	Dialogue	770M
exp1	GODEL-large	ungram	restr	48	-0.7143	-0.617	-0.5178	no	negative	Dialogue	770M
exp1	GPT-J-6B	gram	appos	48	-0.2013	-0.1258	-0.0502	no	negative	Plain	6B
exp1	GPT-J-6B	gram	restr	48	-0.2787	-0.1905	-0.1029	no	negative	Plain	6B
exp1	GPT-J-6B	ungram	appos	48	-1.4557	-1.2602	-1.0508	no	negative	Plain	6B
exp1	GPT-J-6B	ungram	restr	48	-1.9004	-1.6308	-1.3715	no	negative	Plain	6B
exp1	GPT-Neo-1.3B	gram	appos	48	-0.1215	-0.0704	-0.0225	no	negative	Plain	1.3B
exp1	GPT-Neo-1.3B	gram	restr	48	-0.0625	0.019	0.0995	yes	positive	Plain	1.3B
exp1	GPT-Neo-1.3B	ungram	appos	48	-1.0438	-0.8219	-0.6225	no	negative	Plain	1.3B
exp1	GPT-Neo-1.3B	ungram	restr	48	-1.3533	-1.1495	-0.9043	no	negative	Plain	1.3B
exp1	GPT-Neo-125m	gram	appos	48	-0.0996	-0.0651	-0.0314	no	negative	Plain	125M
exp1	GPT-Neo-125m	gram	restr	48	-0.0237	0.0553	0.1407	yes	positive	Plain	125M
exp1	GPT-Neo-125m	ungram	appos	48	-1.0521	-0.8851	-0.7369	no	negative	Plain	125M
exp1	GPT-Neo-125m	ungram	restr	48	-2.262	-1.9309	-1.6291	no	negative	Plain	125M
exp1	GPT-Neo-2.7B	gram	appos	48	-0.2263	-0.173	-0.1258	no	negative	Plain	2.7B
exp1	GPT-Neo-2.7B	gram	restr	48	-0.2017	-0.0984	0.031	yes	negative	Plain	2.7B
exp1	GPT-Neo-2.7B	ungram	appos	48	-1.4558	-1.1931	-0.9669	no	negative	Plain	2.7B
exp1	GPT-Neo-2.7B	ungram	restr	48	-2.0545	-1.7633	-1.4961	no	negative	Plain	2.7B
exp1	GPT2-XL	gram	appos	48	-0.2047	-0.1279	-0.0661	no	negative	Plain	1.5B
exp1	GPT2-XL	gram	restr	48	-0.1907	-0.1309	-0.0752	no	negative	Plain	1.5B
exp1	GPT2-XL	ungram	appos	48	-0.8876	-0.6804	-0.4954	no	negative	Plain	1.5B
exp1	GPT2-XL	ungram	restr	48	-0.8833	-0.7473	-0.6123	no	negative	Plain	1.5B
exp1	GPT2-large	gram	appos	48	-0.0883	-0.0467	-0.0009	no	negative	Plain	774M
exp1	GPT2-large	gram	restr	48	-0.1389	-0.0881	-0.0336	no	negative	Plain	774M
exp1	GPT2-large	ungram	appos	48	-0.682	-0.5354	-0.4086	no	negative	Plain	774M
exp1	GPT2-large	ungram	restr	48	-0.7953	-0.6473	-0.5005	no	negative	Plain	774M
exp1	GPT2-medium	gram	appos	48	-0.0841	-0.0486	-0.0152	no	negative	Plain	355M
exp1	GPT2-medium	gram	restr	48	0.0044	0.0398	0.077	no	positive	Plain	355M
exp1	GPT2-medium	ungram	appos	48	-0.4977	-0.3725	-0.2659	no	negative	Plain	355M
exp1	GPT2-medium	ungram	restr	48	-0.6534	-0.5449	-0.4406	no	negative	Plain	355M
exp1	GPT2-small	gram	appos	48	-0.092	-0.0579	-0.0242	no	negative	Plain	124M
exp1	GPT2-small	gram	restr	48	-0.0895	-0.0541	-0.019	no	negative	Plain	124M
exp1	GPT2-small	ungram	appos	48	-0.5759	-0.4696	-0.3809	no	negative	Plain	124M
exp1	GPT2-small	ungram	restr	48	-1.2699	-1.0725	-0.8583	no	negative	Plain	124M
exp1	Llama-2-13B	gram	appos	48	-0.1272	-0.0357	0.0674	yes	negative	Plain	13B
exp1	Llama-2-13B	gram	restr	48	-0.2082	-0.0625	0.0505	yes	negative	Plain	13B
exp1	Llama-2-13B	ungram	appos	48	-1.3517	-1.1332	-0.908	no	negative	Plain	13B
exp1	Llama-2-13B	ungram	restr	48	-1.822	-1.5496	-1.2741	no	negative	Plain	13B
exp1	Llama-2-13B-Chat	gram	appos	48	-0.2738	-0.1608	-0.0512	no	negative	Instruct	13B
exp1	Llama-2-13B-Chat	gram	restr	48	-0.3301	-0.1637	-0.0051	no	negative	Instruct	13B
exp1	Llama-2-13B-Chat	ungram	appos	48	-1.3109	-1.1041	-0.9003	no	negative	Instruct	13B
exp1	Llama-2-13B-Chat	ungram	restr	48	-1.4757	-1.2409	-0.9973	no	negative	Instruct	13B
exp1	Llama-2-7B	gram	appos	48	-0.1418	-0.0649	0.0201	yes	negative	Plain	7B
exp1	Llama-2-7B	gram	restr	48	-0.2299	-0.1445	-0.0532	no	negative	Plain	7B
exp1	Llama-2-7B	ungram	appos	48	-1.2859	-1.0603	-0.8358	no	negative	Plain	7B
exp1	Llama-2-7B	ungram	restr	48	-1.4873	-1.2481	-1.0126	no	negative	Plain	7B
exp1	Llama-2-7B-Chat	gram	appos	48	-0.3017	-0.1913	-0.086	no	negative	Instruct	7B
exp1	Llama-2-7B-Chat	gram	restr	48	-0.3842	-0.2283	-0.0795	no	negative	Instruct	7B
exp1	Llama-2-7B-Chat	ungram	appos	48	-1.0235	-0.8668	-0.7082	no	negative	Instruct	7B
exp1	Llama-2-7B-Chat	ungram	restr	48	-1.4358	-1.2002	-0.9629	no	negative	Instruct	7B
exp1	Llama-3-8B	gram	appos	48	-0.1245	-0.049	0.0373	yes	negative	Plain	8B
exp1	Llama-3-8B	gram	restr	48	-0.1079	0.0014	0.1024	yes	positive	Plain	8B
exp1	Llama-3-8B	ungram	appos	48	-1.7304	-1.4498	-1.1756	no	negative	Plain	8B
exp1	Llama-3-8B	ungram	restr	48	-2.016	-1.6876	-1.3601	no	negative	Plain	8B
exp1	Llama-3-8B-Instruct	gram	appos	48	-0.2242	-0.1311	-0.0352	no	negative	Instruct	8B
exp1	Llama-3-8B-Instruct	gram	restr	48	-0.3128	-0.15	-0.02	no	negative	Instruct	8B
exp1	Llama-3-8B-Instruct	ungram	appos	48	-1.165	-0.9508	-0.7325	no	negative	Instruct	8B
exp1	Llama-3-8B-Instruct	ungram	restr	48	-1.8267	-1.4681	-1.1434	no	negative	Instruct	8B
exp1	Llama-3.1-8B	gram	appos	48	-0.1234	-0.0409	0.0546	yes	negative	Plain	8B
exp1	Llama-3.1-8B	gram	restr	48	-0.1265	-0.0099	0.1052	yes	negative	Plain	8B
exp1	Llama-3.1-8B	ungram	appos	48	-1.5678	-1.3003	-1.0328	no	negative	Plain	8B
exp1	Llama-3.1-8B	ungram	restr	48	-1.9932	-1.6887	-1.3821	no	negative	Plain	8B
exp1	Llama-3.1-8B-Instruct	gram	appos	48	-0.1673	-0.1046	-0.0503	no	negative	Instruct	8B
exp1	Llama-3.1-8B-Instruct	gram	restr	48	-0.158	-0.0526	0.0591	yes	negative	Instruct	8B
exp1	Llama-3.1-8B-Instruct	ungram	appos	48	-1.0495	-0.8669	-0.694	no	negative	Instruct	8B
exp1	Llama-3.1-8B-Instruct	ungram	restr	48	-1.6153	-1.2532	-0.9238	no	negative	Instruct	8B
exp1	Mistral-7B-Instruct-v0.1	gram	appos	48	-0.3105	-0.2185	-0.1196	no	negative	Instruct	7B
exp1	Mistral-7B-Instruct-v0.1	gram	restr	48	-0.2493	-0.144	-0.0331	no	negative	Instruct	7B
exp1	Mistral-7B-Instruct-v0.1	ungram	appos	48	-0.8596	-0.6997	-0.5336	no	negative	Instruct	7B
exp1	Mistral-7B-Instruct-v0.1	ungram	restr	48	-1.1857	-0.9593	-0.7409	no	negative	Instruct	7B
exp1	Mistral-7B-Instruct-v0.2	gram	appos	48	-0.3049	-0.2111	-0.1247	no	negative	Instruct	7B
exp1	Mistral-7B-Instruct-v0.2	gram	restr	48	-0.3681	-0.1532	0.1194	yes	negative	Instruct	7B
exp1	Mistral-7B-Instruct-v0.2	ungram	appos	48	-1.6472	-1.3395	-1.0513	no	negative	Instruct	7B
exp1	Mistral-7B-Instruct-v0.2	ungram	restr	48	-2.2474	-1.8195	-1.3578	no	negative	Instruct	7B
exp1	Mistral-7B-Instruct-v0.3	gram	appos	48	-0.1894	-0.1234	-0.0543	no	negative	Instruct	7B
exp1	Mistral-7B-Instruct-v0.3	gram	restr	48	-0.2655	-0.143	-0.0282	no	negative	Instruct	7B
exp1	Mistral-7B-Instruct-v0.3	ungram	appos	48	-1.723	-1.4033	-1.1249	no	negative	Instruct	7B
exp1	Mistral-7B-Instruct-v0.3	ungram	restr	48	-2.3536	-1.9884	-1.5871	no	negative	Instruct	7B
exp1	Mistral-7B-v0.1	gram	appos	48	-0.175	-0.0983	-0.0199	no	negative	Plain	7B
exp1	Mistral-7B-v0.1	gram	restr	48	-0.1565	-0.0571	0.0435	yes	negative	Plain	7B
exp1	Mistral-7B-v0.1	ungram	appos	48	-1.5535	-1.2764	-1.0172	no	negative	Plain	7B
exp1	Mistral-7B-v0.1	ungram	restr	48	-2.2763	-1.8971	-1.5209	no	negative	Plain	7B
exp1	Mistral-7B-v0.3	gram	appos	48	-0.1737	-0.0924	0.0068	yes	negative	Plain	7B
exp1	Mistral-7B-v0.3	gram	restr	48	-0.1554	-0.0413	0.0679	yes	negative	Plain	7B
exp1	Mistral-7B-v0.3	ungram	appos	48	-1.6239	-1.3209	-1.0555	no	negative	Plain	7B
exp1	Mistral-7B-v0.3	ungram	restr	48	-2.4781	-2.0679	-1.6747	no	negative	Plain	7B
exp2	DialoGPT-large	gram	appos	48	-0.5593	-0.4089	-0.2484	no	negative	Dialogue	762M
exp2	DialoGPT-large	gram	restr	48	-0.1941	-0.0061	0.1966	yes	negative	Dialogue	762M
exp2	DialoGPT-large	ungram	appos	48	-0.4618	-0.3097	-0.1598	no	negative	Dialogue	762M
exp2	DialoGPT-large	ungram	restr	48	-0.1663	-0.0335	0.1096	yes	negative	Dialogue	762M
exp2	DialoGPT-medium	gram	appos	48	0.0962	0.3401	0.5775	no	positive	Dialogue	345M
exp2	DialoGPT-medium	gram	restr	48	0.2016	0.4032	0.6398	no	positive	Dialogue	345M
exp2	DialoGPT-medium	ungram	appos	48	-0.3823	-0.2162	-0.0229	no	negative	Dialogue	345M
exp2	DialoGPT-medium	ungram	restr	48	-0.5271	-0.375	-0.2021	no	negative	Dialogue	345M
exp2	DialoGPT-small	gram	appos	48	-1.5218	-0.7387	-0.019	no	negative	Dialogue	117M
exp2	DialoGPT-small	gram	restr	48	-0.3743	0.3024	0.9901	yes	positive	Dialogue	117M
exp2	DialoGPT-small	ungram	appos	48	-1.8905	-1.3149	-0.7532	no	negative	Dialogue	117M
exp2	DialoGPT-small	ungram	restr	48	-1.5784	-1.0939	-0.6492	no	negative	Dialogue	117M
exp2	GODEL-base	gram	appos	48	0.0516	0.3886	0.7321	no	positive	Dialogue	220M
exp2	GODEL-base	gram	restr	48	0.2839	0.711	1.1549	no	positive	Dialogue	220M
exp2	GODEL-base	ungram	appos	48	-0.4517	-0.1563	0.1671	yes	negative	Dialogue	220M
exp2	GODEL-base	ungram	restr	48	-0.9429	-0.6045	-0.2499	no	negative	Dialogue	220M
exp2	GODEL-large	gram	appos	48	0.0229	0.3886	0.7733	no	positive	Dialogue	770M
exp2	GODEL-large	gram	restr	48	0.2761	0.711	1.1556	no	positive	Dialogue	770M
exp2	GODEL-large	ungram	appos	48	-0.4761	-0.1563	0.1802	yes	negative	Dialogue	770M
exp2	GODEL-large	ungram	restr	48	-0.962	-0.6045	-0.213	no	negative	Dialogue	770M
exp2	GPT-J-6B	gram	appos	48	-0.602	-0.3407	-0.0802	no	negative	Plain	6B
exp2	GPT-J-6B	gram	restr	48	-1.0159	-0.6611	-0.3307	no	negative	Plain	6B
exp2	GPT-J-6B	ungram	appos	48	-1.5681	-1.2725	-0.9834	no	negative	Plain	6B
exp2	GPT-J-6B	ungram	restr	48	-2.4901	-2.0136	-1.5847	no	negative	Plain	6B
exp2	GPT-Neo-1.3B	gram	appos	48	-0.5556	-0.2031	0.1718	yes	negative	Plain	1.3B
exp2	GPT-Neo-1.3B	gram	restr	48	-0.5389	-0.0585	0.4934	yes	negative	Plain	1.3B
exp2	GPT-Neo-1.3B	ungram	appos	48	-1.4359	-1.1363	-0.8171	no	negative	Plain	1.3B
exp2	GPT-Neo-1.3B	ungram	restr	48	-1.4538	-1.0915	-0.7129	no	negative	Plain	1.3B
exp2	GPT-Neo-125m	gram	appos	48	0.012	0.3931	0.7596	no	positive	Plain	125M
exp2	GPT-Neo-125m	gram	restr	48	0.0918	0.4187	0.7614	no	positive	Plain	125M
exp2	GPT-Neo-125m	ungram	appos	48	-0.9375	-0.6645	-0.3804	no	negative	Plain	125M
exp2	GPT-Neo-125m	ungram	restr	48	-1.059	-0.7633	-0.439	no	negative	Plain	125M
exp2	GPT-Neo-2.7B	gram	appos	48	-0.3942	-0.1533	0.0958	yes	negative	Plain	2.7B
exp2	GPT-Neo-2.7B	gram	restr	48	-0.7428	-0.3298	0.095	yes	negative	Plain	2.7B
exp2	GPT-Neo-2.7B	ungram	appos	48	-0.7537	-0.4848	-0.2066	no	negative	Plain	2.7B
exp2	GPT-Neo-2.7B	ungram	restr	48	-0.9106	-0.6088	-0.3001	no	negative	Plain	2.7B
exp2	GPT2-XL	gram	appos	48	-0.5873	-0.2767	0.0426	yes	negative	Plain	1.5B
exp2	GPT2-XL	gram	restr	48	-0.9139	-0.545	-0.1759	no	negative	Plain	1.5B
exp2	GPT2-XL	ungram	appos	48	-1.0836	-0.8024	-0.5161	no	negative	Plain	1.5B
exp2	GPT2-XL	ungram	restr	48	-1.5379	-1.205	-0.8664	no	negative	Plain	1.5B
exp2	GPT2-large	gram	appos	48	-0.4583	-0.1746	0.1318	yes	negative	Plain	774M
exp2	GPT2-large	gram	restr	48	-0.6086	-0.2399	0.0967	yes	negative	Plain	774M
exp2	GPT2-large	ungram	appos	48	-0.7879	-0.5025	-0.1779	no	negative	Plain	774M
exp2	GPT2-large	ungram	restr	48	-1.2009	-0.8982	-0.6131	no	negative	Plain	774M
exp2	GPT2-medium	gram	appos	48	-0.5803	-0.2437	0.1715	yes	negative	Plain	355M
exp2	GPT2-medium	gram	restr	48	-0.5842	-0.1951	0.1866	yes	negative	Plain	355M
exp2	GPT2-medium	ungram	appos	48	-1.3309	-1.0039	-0.6175	no	negative	Plain	355M
exp2	GPT2-medium	ungram	restr	48	-1.5208	-1.1723	-0.7765	no	negative	Plain	355M
exp2	GPT2-small	gram	appos	48	-0.2703	0.0339	0.3384	yes	positive	Plain	124M
exp2	GPT2-small	gram	restr	48	-0.5719	-0.2478	0.113	yes	negative	Plain	124M
exp2	GPT2-small	ungram	appos	48	-1.0798	-0.8455	-0.6062	no	negative	Plain	124M
exp2	GPT2-small	ungram	restr	48	-1.6671	-1.3672	-1.0725	no	negative	Plain	124M
exp2	Llama-2-13B	gram	appos	48	-0.7811	-0.4269	-0.0728	no	negative	Plain	13B
exp2	Llama-2-13B	gram	restr	48	-0.9086	-0.4341	0.0408	yes	negative	Plain	13B
exp2	Llama-2-13B	ungram	appos	48	-1.4333	-1.1289	-0.8079	no	negative	Plain	13B
exp2	Llama-2-13B	ungram	restr	48	-1.6702	-1.3014	-0.9195	no	negative	Plain	13B
exp2	Llama-2-13B-Chat	gram	appos	48	-1.2772	-0.8388	-0.4251	no	negative	Instruct	13B
exp2	Llama-2-13B-Chat	gram	restr	48	-1.0893	-0.6433	-0.1713	no	negative	Instruct	13B
exp2	Llama-2-13B-Chat	ungram	appos	48	-1.7383	-1.299	-0.8795	no	negative	Instruct	13B
exp2	Llama-2-13B-Chat	ungram	restr	48	-1.1374	-0.6959	-0.2568	no	negative	Instruct	13B
exp2	Llama-2-7B	gram	appos	48	-0.894	-0.4759	-0.1286	no	negative	Plain	7B
exp2	Llama-2-7B	gram	restr	48	-0.5982	-0.2443	0.1829	yes	negative	Plain	7B
exp2	Llama-2-7B	ungram	appos	48	-2.061	-1.6118	-1.1774	no	negative	Plain	7B
exp2	Llama-2-7B	ungram	restr	48	-1.9862	-1.6071	-1.1941	no	negative	Plain	7B
exp2	Llama-2-7B-Chat	gram	appos	48	-0.6595	-0.2416	0.1925	yes	negative	Instruct	7B
exp2	Llama-2-7B-Chat	gram	restr	48	-0.6072	-0.1556	0.2614	yes	negative	Instruct	7B
exp2	Llama-2-7B-Chat	ungram	appos	48	-1.6448	-1.086	-0.6289	no	negative	Instruct	7B
exp2	Llama-2-7B-Chat	ungram	restr	48	-1.7267	-1.1818	-0.7154	no	negative	Instruct	7B
exp2	Llama-3-8B	gram	appos	48	-0.7537	-0.4885	-0.2286	no	negative	Plain	8B
exp2	Llama-3-8B	gram	restr	48	-1.0774	-0.6563	-0.2801	no	negative	Plain	8B
exp2	Llama-3-8B	ungram	appos	48	-1.8967	-1.5424	-1.225	no	negative	Plain	8B
exp2	Llama-3-8B	ungram	restr	48	-2.5177	-2.058	-1.6096	no	negative	Plain	8B
exp2	Llama-3-8B-Instruct	gram	appos	48	-0.9511	-0.5978	-0.2604	no	negative	Instruct	8B
exp2	Llama-3-8B-Instruct	gram	restr	48	-0.977	-0.5581	-0.0828	no	negative	Instruct	8B
exp2	Llama-3-8B-Instruct	ungram	appos	48	-1.4348	-1.0578	-0.6603	no	negative	Instruct	8B
exp2	Llama-3-8B-Instruct	ungram	restr	48	-1.6874	-1.208	-0.769	no	negative	Instruct	8B
exp2	Llama-3.1-8B	gram	appos	48	-0.9228	-0.5743	-0.2403	no	negative	Plain	8B
exp2	Llama-3.1-8B	gram	restr	48	-1.0771	-0.6706	-0.2272	no	negative	Plain	8B
exp2	Llama-3.1-8B	ungram	appos	48	-1.9047	-1.5777	-1.2365	no	negative	Plain	8B
exp2	Llama-3.1-8B	ungram	restr	48	-2.3457	-1.9493	-1.5629	no	negative	Plain	8B
exp2	Llama-3.1-8B-Instruct	gram	appos	48	-1.0807	-0.6525	-0.2922	no	negative	Instruct	8B
exp2	Llama-3.1-8B-Instruct	gram	restr	48	-0.9612	-0.591	-0.1732	no	negative	Instruct	8B
exp2	Llama-3.1-8B-Instruct	ungram	appos	48	-1.6654	-1.356	-1.0806	no	negative	Instruct	8B
exp2	Llama-3.1-8B-Instruct	ungram	restr	48	-1.6516	-1.3171	-0.9956	no	negative	Instruct	8B
exp2	Mistral-7B-Instruct-v0.1	gram	appos	48	-1.2428	-0.8081	-0.3988	no	negative	Instruct	7B
exp2	Mistral-7B-Instruct-v0.1	gram	restr	48	-1.0308	-0.5744	-0.156	no	negative	Instruct	7B
exp2	Mistral-7B-Instruct-v0.1	ungram	appos	48	-1.3219	-0.9767	-0.6167	no	negative	Instruct	7B
exp2	Mistral-7B-Instruct-v0.1	ungram	restr	48	-1.5925	-1.1955	-0.7942	no	negative	Instruct	7B
exp2	Mistral-7B-Instruct-v0.2	gram	appos	48	-1.2711	-0.7086	-0.1945	no	negative	Instruct	7B
exp2	Mistral-7B-Instruct-v0.2	gram	restr	48	-1.5148	-0.8754	-0.2332	no	negative	Instruct	7B
exp2	Mistral-7B-Instruct-v0.2	ungram	appos	48	-1.2877	-0.8835	-0.4412	no	negative	Instruct	7B
exp2	Mistral-7B-Instruct-v0.2	ungram	restr	48	-2.2433	-1.6504	-1.0973	no	negative	Instruct	7B
exp2	Mistral-7B-Instruct-v0.3	gram	appos	48	-0.9567	-0.4598	-0.0185	no	negative	Instruct	7B
exp2	Mistral-7B-Instruct-v0.3	gram	restr	48	-1.6738	-1.1384	-0.5839	no	negative	Instruct	7B
exp2	Mistral-7B-Instruct-v0.3	ungram	appos	48	-1.1697	-0.8239	-0.469	no	negative	Instruct	7B
exp2	Mistral-7B-Instruct-v0.3	ungram	restr	48	-2.2563	-1.7613	-1.2975	no	negative	Instruct	7B
exp2	Mistral-7B-v0.1	gram	appos	48	-0.6719	-0.3249	0.068	yes	negative	Plain	7B
exp2	Mistral-7B-v0.1	gram	restr	48	-1.4647	-0.9711	-0.4512	no	negative	Plain	7B
exp2	Mistral-7B-v0.1	ungram	appos	48	-1.0724	-0.7896	-0.4894	no	negative	Plain	7B
exp2	Mistral-7B-v0.1	ungram	restr	48	-2.4452	-1.9249	-1.4812	no	negative	Plain	7B
exp2	Mistral-7B-v0.3	gram	appos	48	-0.8882	-0.4581	-0.0394	no	negative	Plain	7B
exp2	Mistral-7B-v0.3	gram	restr	48	-1.5966	-1.0922	-0.6135	no	negative	Plain	7B
exp2	Mistral-7B-v0.3	ungram	appos	48	-1.1728	-0.9082	-0.6313	no	negative	Plain	7B
exp2	Mistral-7B-v0.3	ungram	restr	48	-2.296	-1.845	-1.354	no	negative	Plain	7B
exp3	DialoGPT-large	gram	appos	48	-0.347	-0.1999	-0.0429	no	negative	Dialogue	762M
exp3	DialoGPT-large	gram	restr	48	-0.0649	0.0474	0.1582	yes	positive	Dialogue	762M
exp3	DialoGPT-large	ungram	appos	48	-0.2772	-0.1592	-0.0431	no	negative	Dialogue	762M
exp3	DialoGPT-large	ungram	restr	48	-0.1344	-0.0192	0.104	yes	negative	Dialogue	762M
exp3	DialoGPT-medium	gram	appos	48	0.1089	0.2651	0.4341	no	positive	Dialogue	345M
exp3	DialoGPT-medium	gram	restr	48	0.0034	0.1699	0.35	no	positive	Dialogue	345M
exp3	DialoGPT-medium	ungram	appos	48	-0.3501	-0.2166	-0.0833	no	negative	Dialogue	345M
exp3	DialoGPT-medium	ungram	restr	48	-0.4733	-0.3363	-0.2135	no	negative	Dialogue	345M
exp3	DialoGPT-small	gram	appos	48	-0.2567	0.1677	0.5903	yes	positive	Dialogue	117M
exp3	DialoGPT-small	gram	restr	48	-0.002	0.4135	0.8578	yes	positive	Dialogue	117M
exp3	DialoGPT-small	ungram	appos	48	-0.756	-0.4973	-0.208	no	negative	Dialogue	117M
exp3	DialoGPT-small	ungram	restr	48	-0.5288	-0.1962	0.117	yes	negative	Dialogue	117M
exp3	GODEL-base	gram	appos	48	0.052	0.2952	0.5468	no	positive	Dialogue	220M
exp3	GODEL-base	gram	restr	48	-0.0271	0.2375	0.5064	yes	positive	Dialogue	220M
exp3	GODEL-base	ungram	appos	48	-0.3001	-0.0651	0.1799	yes	negative	Dialogue	220M
exp3	GODEL-base	ungram	restr	48	-0.4661	-0.2238	0.0296	yes	negative	Dialogue	220M
exp3	GODEL-large	gram	appos	48	0.0635	0.2952	0.528	no	positive	Dialogue	770M
exp3	GODEL-large	gram	restr	48	-0.029	0.2375	0.5052	yes	positive	Dialogue	770M
exp3	GODEL-large	ungram	appos	48	-0.2915	-0.0651	0.1617	yes	negative	Dialogue	770M
exp3	GODEL-large	ungram	restr	48	-0.4648	-0.2238	0.0288	yes	negative	Dialogue	770M
exp3	GPT-J-6B	gram	appos	48	-0.8011	-0.452	-0.1326	no	negative	Plain	6B
exp3	GPT-J-6B	gram	restr	48	-0.8587	-0.561	-0.2565	no	negative	Plain	6B
exp3	GPT-J-6B	ungram	appos	48	-1.556	-1.1556	-0.7683	no	negative	Plain	6B
exp3	GPT-J-6B	ungram	restr	48	-1.5132	-1.1753	-0.8763	no	negative	Plain	6B
exp3	GPT-Neo-1.3B	gram	appos	48	-0.4297	-0.1448	0.1938	yes	negative	Plain	1.3B
exp3	GPT-Neo-1.3B	gram	restr	48	-0.488	-0.1461	0.1937	yes	negative	Plain	1.3B
exp3	GPT-Neo-1.3B	ungram	appos	48	-1.302	-1.042	-0.7657	no	negative	Plain	1.3B
exp3	GPT-Neo-1.3B	ungram	restr	48	-1.2872	-0.9803	-0.67	no	negative	Plain	1.3B
exp3	GPT-Neo-125m	gram	appos	48	0.0149	0.2806	0.5518	no	positive	Plain	125M
exp3	GPT-Neo-125m	gram	restr	48	-0.2645	-0.0109	0.2454	yes	negative	Plain	125M
exp3	GPT-Neo-125m	ungram	appos	48	-0.7015	-0.4945	-0.3045	no	negative	Plain	125M
exp3	GPT-Neo-125m	ungram	restr	48	-0.6558	-0.423	-0.1904	no	negative	Plain	125M
exp3	GPT-Neo-2.7B	gram	appos	48	-0.8814	-0.6179	-0.3538	no	negative	Plain	2.7B
exp3	GPT-Neo-2.7B	gram	restr	48	-0.795	-0.5498	-0.2765	no	negative	Plain	2.7B
exp3	GPT-Neo-2.7B	ungram	appos	48	-1.4505	-1.1716	-0.9132	no	negative	Plain	2.7B
exp3	GPT-Neo-2.7B	ungram	restr	48	-1.185	-0.9146	-0.6557	no	negative	Plain	2.7B
exp3	GPT2-XL	gram	appos	48	-0.7943	-0.5416	-0.2585	no	negative	Plain	1.5B
exp3	GPT2-XL	gram	restr	48	-0.9134	-0.5815	-0.2727	no	negative	Plain	1.5B
exp3	GPT2-XL	ungram	appos	48	-1.2753	-1.0432	-0.8172	no	negative	Plain	1.5B
exp3	GPT2-XL	ungram	restr	48	-1.2696	-0.9889	-0.7236	no	negative	Plain	1.5B
exp3	GPT2-large	gram	appos	48	-0.687	-0.4669	-0.261	no	negative	Plain	774M
exp3	GPT2-large	gram	restr	48	-0.5912	-0.2992	-0.0149	no	negative	Plain	774M
exp3	GPT2-large	ungram	appos	48	-0.9325	-0.7104	-0.4986	no	negative	Plain	774M
exp3	GPT2-large	ungram	restr	48	-0.9141	-0.6556	-0.403	no	negative	Plain	774M
exp3	GPT2-medium	gram	appos	48	-0.4629	-0.2443	-0.0567	no	negative	Plain	355M
exp3	GPT2-medium	gram	restr	48	-0.4134	-0.1514	0.1096	yes	negative	Plain	355M
exp3	GPT2-medium	ungram	appos	48	-1.3893	-1.1597	-0.9472	no	negative	Plain	355M
exp3	GPT2-medium	ungram	restr	48	-1.3303	-1.0582	-0.7852	no	negative	Plain	355M
exp3	GPT2-small	gram	appos	48	0.1157	0.3347	0.5494	no	positive	Plain	124M
exp3	GPT2-small	gram	restr	48	-0.1511	0.1076	0.3697	yes	positive	Plain	124M
exp3	GPT2-small	ungram	appos	48	-0.5922	-0.4312	-0.2694	no	negative	Plain	124M
exp3	GPT2-small	ungram	restr	48	-0.9492	-0.7569	-0.5547	no	negative	Plain	124M
exp3	Llama-2-13B	gram	appos	48	-1.2727	-0.9122	-0.526	no	negative	Plain	13B
exp3	Llama-2-13B	gram	restr	48	-1.0681	-0.607	-0.1742	no	negative	Plain	13B
exp3	Llama-2-13B	ungram	appos	48	-1.6673	-1.2825	-0.9334	no	negative	Plain	13B
exp3	Llama-2-13B	ungram	restr	48	-1.3685	-0.9583	-0.5907	no	negative	Plain	13B
exp3	Llama-2-13B-Chat	gram	appos	48	-1.5438	-1.121	-0.7295	no	negative	Instruct	13B
exp3	Llama-2-13B-Chat	gram	restr	48	-1.1455	-0.6354	-0.1119	no	negative	Instruct	13B
exp3	Llama-2-13B-Chat	ungram	appos	48	-1.6395	-1.2654	-0.9151	no	negative	Instruct	13B
exp3	Llama-2-13B-Chat	ungram	restr	48	-1.2818	-0.9106	-0.5057	no	negative	Instruct	13B
exp3	Llama-2-7B	gram	appos	48	-1.1699	-0.7996	-0.4086	no	negative	Plain	7B
exp3	Llama-2-7B	gram	restr	48	-1.0614	-0.652	-0.2892	no	negative	Plain	7B
exp3	Llama-2-7B	ungram	appos	48	-1.5955	-1.2717	-0.9573	no	negative	Plain	7B
exp3	Llama-2-7B	ungram	restr	48	-1.4563	-1.1125	-0.7349	no	negative	Plain	7B
exp3	Llama-2-7B-Chat	gram	appos	48	-1.8513	-1.375	-0.8937	no	negative	Instruct	7B
exp3	Llama-2-7B-Chat	gram	restr	48	-1.6234	-1.0357	-0.4765	no	negative	Instruct	7B
exp3	Llama-2-7B-Chat	ungram	appos	48	-1.96	-1.5629	-1.158	no	negative	Instruct	7B
exp3	Llama-2-7B-Chat	ungram	restr	48	-1.7109	-1.2416	-0.8061	no	negative	Instruct	7B
exp3	Llama-3-8B	gram	appos	48	-1.0096	-0.6776	-0.3603	no	negative	Plain	8B
exp3	Llama-3-8B	gram	restr	48	-0.6696	-0.3523	-0.0281	no	negative	Plain	8B
exp3	Llama-3-8B	ungram	appos	48	-1.6205	-1.2185	-0.8129	no	negative	Plain	8B
exp3	Llama-3-8B	ungram	restr	48	-1.3003	-0.9462	-0.6048	no	negative	Plain	8B
exp3	Llama-3-8B-Instruct	gram	appos	48	-1.0218	-0.7002	-0.3916	no	negative	Instruct	8B
exp3	Llama-3-8B-Instruct	gram	restr	48	-0.7802	-0.4574	-0.1266	no	negative	Instruct	8B
exp3	Llama-3-8B-Instruct	ungram	appos	48	-1.3547	-1.0095	-0.6616	no	negative	Instruct	8B
exp3	Llama-3-8B-Instruct	ungram	restr	48	-0.9937	-0.6594	-0.3279	no	negative	Instruct	8B
exp3	Llama-3.1-8B	gram	appos	48	-1.1464	-0.7932	-0.4466	no	negative	Plain	8B
exp3	Llama-3.1-8B	gram	restr	48	-0.7713	-0.4202	-0.0941	no	negative	Plain	8B
exp3	Llama-3.1-8B	ungram	appos	48	-1.8877	-1.4545	-1.0338	no	negative	Plain	8B
exp3	Llama-3.1-8B	ungram	restr	48	-1.3237	-0.9629	-0.6311	no	negative	Plain	8B
exp3	Llama-3.1-8B-Instruct	gram	appos	48	-1.0713	-0.7797	-0.5005	no	negative	Instruct	8B
exp3	Llama-3.1-8B-Instruct	gram	restr	48	-0.6974	-0.44	-0.1669	no	negative	Instruct	8B
exp3	Llama-3.1-8B-Instruct	ungram	appos	48	-1.7882	-1.4415	-1.12	no	negative	Instruct	8B
exp3	Llama-3.1-8B-Instruct	ungram	restr	48	-1.0716	-0.794	-0.5018	no	negative	Instruct	8B
exp3	Mistral-7B-Instruct-v0.1	gram	appos	48	-0.8351	-0.528	-0.2397	no	negative	Instruct	7B
exp3	Mistral-7B-Instruct-v0.1	gram	restr	48	-1.0288	-0.7054	-0.3911	no	negative	Instruct	7B
exp3	Mistral-7B-Instruct-v0.1	ungram	appos	48	-0.9114	-0.6636	-0.4023	no	negative	Instruct	7B
exp3	Mistral-7B-Instruct-v0.1	ungram	restr	48	-0.8735	-0.5839	-0.3006	no	negative	Instruct	7B
exp3	Mistral-7B-Instruct-v0.2	gram	appos	48	-1.6224	-1.067	-0.5956	no	negative	Instruct	7B
exp3	Mistral-7B-Instruct-v0.2	gram	restr	48	-1.4214	-0.8478	-0.2796	no	negative	Instruct	7B
exp3	Mistral-7B-Instruct-v0.2	ungram	appos	48	-1.2953	-0.8505	-0.4307	no	negative	Instruct	7B
exp3	Mistral-7B-Instruct-v0.2	ungram	restr	48	-1.2627	-0.7584	-0.3007	no	negative	Instruct	7B
exp3	Mistral-7B-Instruct-v0.3	gram	appos	48	-0.869	-0.4953	-0.1166	no	negative	Instruct	7B
exp3	Mistral-7B-Instruct-v0.3	gram	restr	48	-0.8669	-0.454	-0.0292	no	negative	Instruct	7B
exp3	Mistral-7B-Instruct-v0.3	ungram	appos	48	-1.0697	-0.7617	-0.4642	no	negative	Instruct	7B
exp3	Mistral-7B-Instruct-v0.3	ungram	restr	48	-1.1667	-0.8156	-0.4171	no	negative	Instruct	7B
exp3	Mistral-7B-v0.1	gram	appos	48	-1.104	-0.6638	-0.2638	no	negative	Plain	7B
exp3	Mistral-7B-v0.1	gram	restr	48	-0.9179	-0.5346	-0.1619	no	negative	Plain	7B
exp3	Mistral-7B-v0.1	ungram	appos	48	-1.5707	-1.1885	-0.8188	no	negative	Plain	7B
exp3	Mistral-7B-v0.1	ungram	restr	48	-1.3988	-1.0792	-0.7612	no	negative	Plain	7B
exp3	Mistral-7B-v0.3	gram	appos	48	-1.083	-0.6551	-0.2408	no	negative	Plain	7B
exp3	Mistral-7B-v0.3	gram	restr	48	-0.9966	-0.5885	-0.2011	no	negative	Plain	7B
exp3	Mistral-7B-v0.3	ungram	appos	48	-1.484	-1.1127	-0.7882	no	negative	Plain	7B
exp3	Mistral-7B-v0.3	ungram	restr	48	-1.4296	-1.0409	-0.6739	no	negative	Plain	7B
